1991;# doc = ahscomments.2.txt;;;;;;;;;;;;;;;;
1992;# speaker = €à¨­ ;;;;;;;;;;;;;;;;
1993;# sent = 141;;;;;;;;;;;;;;;;
1994;;Ž;Ž;INTJ;;;_Ž_ , ¡®©ª®âë .;®;;;;;;PR;Ž;PR;Ž
1995;;,;,;PUNCT;;;;;;;;;;PUNCT;;;
1996;;¡®©ª®âë;Ž‰ŠŽ’;S m inan nom pl;;;Ž , _¡®©ª®âë_ .;ë;â;®;ª;©;®;S;Ž‰ŠŽ’;S m inan gen sg;’
1997;;,;,;PUNCT;;;;;;;;;;PUNCT;;;
1998;;;;;;;;;;;;;;;;;
1999;# sent = 142;;;;;;;;;;;;;;;;
2000;;â®;’Ž;SPRO n - nom sg;;;. _â®_ , ­ ¢¥à­®¥ ,;®;â;í;;;;SPRO;’Ž’;A - acc sg plen n -;Ž
2001;;,;,;PUNCT;;;;;;;;;;PUNCT;;;
2002;;­ ¢¥à­®¥;€‚…Ž…;ADV -;;;â® , _­ ¢¥à­®¥_ , ¢ âã;¥;®;­;à;¥;¢;ADV;€‚…Ž…;ADV -;…
2003;;,;,;PUNCT;;;;;;;;;;PUNCT;;;
2004;;¢;‚;PR;;;, ­ ¢¥à­®¥ , _¢_ âã ­®çì ¯à®¨§®è«®;¢;;;;;;PR;‚;PR;‚
2005;;âã;’Ž’;A - acc sg f -;;;­ ¢¥à­®¥ , ¢ _âã_ ­®çì ¯à®¨§®è«® ,;ã;â;;;;;A;’Ž’;A - acc sg plen f -;’
2006;;­®çì;Ž—œ;S f inan acc sg;;;, ¢ âã _­®çì_ ¯à®¨§®è«® , ª®£¤ ;ì;ç;®;­;;;S;Ž—œ;S f inan acc sg;œ
2007;;¯à®¨§®è«®;Žˆ‡Ž‰’ˆ;V pf praet sg indic n - intr;;;¢ âã ­®çì _¯à®¨§®è«®_ , ª®£¤  ®­¨;®;«;è;®;§;¨;V;Žˆ‡Ž‰’ˆ;V pf praet sg indic n -;ˆ
2008;;,;,;PUNCT;;;;;;;;;;PUNCT;;;
2009;;ª®£¤ ;ŠŽƒ„€;CONJ;;;­®çì ¯à®¨§®è«® , _ª®£¤ _ ®­¨ â ¬ ¢á¥; ;¤;£;®;ª;;CONJ;ŠŽƒ„€;CONJ;€
2010;;®­¨;Žˆ;SPRO pl 3p nom;;;¯à®¨§®è«® , ª®£¤  _®­¨_ â ¬ ¢á¥ ¡ë«¨;¨;­;®;;;;SPRO;Žˆ;SPRO pl - - nom;ˆ
2011;;â ¬;’€Œ;ADVPRO;;;, ª®£¤  ®­¨ _â ¬_ ¢á¥ ¡ë«¨ ¯à®â¨¢;¬; ;â;;;;ADV;’€Œ;ADV -;Œ
2012;;¢á¥;‚‘…;APRO - - nom pl;;;ª®£¤  ®­¨ â ¬ _¢á¥_ ¡ë«¨ ¯à®â¨¢ „®­ «ì¤ ;¥;á;¢;;;;S;‚‘…;S - - nom pl;…
2013;;¡ë«¨;›’œ;V ipf praet pl indic - -;;;®­¨ â ¬ ¢á¥ _¡ë«¨_ ¯à®â¨¢ „®­ «ì¤  ’à ¬¯ ;¨;«;ë;¡;;;V;›’œ;V ipf praet pl indic - -;œ
2014;;¯à®â¨¢;Ž’ˆ‚;PR;;;â ¬ ¢á¥ ¡ë«¨ _¯à®â¨¢_ „®­ «ì¤  ’à ¬¯  .;¢;¨;â;®;à;¯;PR;Ž’ˆ‚;PR;‚
2015;;„®­ «ì¤ ;„Ž€‹œ„;S m anim acc sg;;;¢á¥ ¡ë«¨ ¯à®â¨¢ _„®­ «ì¤ _ ’à ¬¯  .; ;¤;ì;«; ;­;S;„Ž€‹œ„;S m anim acc sg;„
2016;;’à ¬¯ ;’€Œ;S m anim gen sg famn;;;¡ë«¨ ¯à®â¨¢ „®­ «ì¤  _’à ¬¯ _ .; ;¯;¬; ;à;â;S;’€Œ;S f inan acc sg;
2017;;,;,;PUNCT;;;;;;;;;;PUNCT;;;
2018;;;;;;;;;;;;;;;;;
2019;# sent = 143;;;;;;;;;;;;;;;;
2020;;”ã;”“;INTJ;;;. _”ã_ , Ž¡ ¬  ¨¤ñâ;ã;ä;;;;;INTJ;”“;INTJ;“
2021;;,;,;PUNCT;;;;;;;;;;PUNCT;;;
2022;;Ž¡ ¬ ;Ž€Œ€;S m anim nom sg famn;;;”ã , _Ž¡ ¬ _ ¨¤ñâ , ­ è; ;¬; ;¡;®;;S;Ž€Œ€;S f inan nom sg;€
2023;;¨¤ñâ;ˆ„’ˆ;V ipf praes sg indic act - 3p intr;;;”ã , Ž¡ ¬  _¨¤ñâ_ , ­ è «î¡¨¬ë©;â;ñ;¤;¨;;;V;ˆ„’ˆ;V ipf praes sg indic - 3p;ˆ
2024;;,;,;PUNCT;;;;;;;;;;PUNCT;;;
2025;;­ è;€˜;APRO - nom sg m -;;;Ž¡ ¬  ¨¤ñâ , _­ è_ «î¡¨¬ë© à®áá¨©áª¨© ¤àã£;è; ;­;;;;APRO;€˜;A - nom sg plen m -;˜
2026;;«î¡¨¬ë©;‹žˆŒ›‰;A - nom sg plen m -;;;¨¤ñâ , ­ è _«î¡¨¬ë©_ à®áá¨©áª¨© ¤àã£ .;©;ë;¬;¨;¡;î;A;‹žˆŒ›‰;A - nom sg plen m -;‰
2027;;à®áá¨©áª¨©;Ž‘‘ˆ‰‘Šˆ‰;A - nom sg plen m -;;;, ­ è «î¡¨¬ë© _à®áá¨©áª¨©_ ¤àã£ .;©;¨;ª;á;©;¨;A;Ž‘‘ˆ‰‘Šˆ‰;A - nom sg plen m -;‰
2028;;¤àã£;„“ƒ;S m anim nom sg;;;­ è «î¡¨¬ë© à®áá¨©áª¨© _¤àã£_ .;£;ã;à;¤;;;S;„“ƒ;S m anim nom sg;ƒ
2029;;,;,;PUNCT;;;;;;;;;;PUNCT;;;
2030;;;;;;;;;;;;;;;;;
2031;# sent = 144;;;;;;;;;;;;;;;;
2032;# speaker = €à¨­ ;;;;;;;;;;;;;;;;
2033;# sent = 145;;;;;;;;;;;;;;;;
2034;;Žç¥­ì;Ž—…œ;ADV -;;;_Žç¥­ì_ á ¬®ã¢¥à¥­­® .;ì;­;¥;ç;®;;ADV;Ž—…œ;ADV -;œ
2035;;á ¬®ã¢¥à¥­­®;‘€ŒŽ“‚……Ž;ADV -;;;Žç¥­ì _á ¬®ã¢¥à¥­­®_ .;®;­;­;¥;à;¥;ADV;‘€ŒŽ“‚……Ž;ADV -;Ž
2036;;,;,;PUNCT;;;;;;;;;;PUNCT;;;
2037;;;;;;;;;;;;;;;;;
2038;# sent = 146;;;;;;;;;;;;;;;;
2039;# speaker = €à¨­ ;;;;;;;;;;;;;;;;
2040;# sent = 147;;;;;;;;;;;;;;;;
2041;;Žä¨£¥âì;Ž”ˆƒ…’œ;V pf intr inf - -;;;_Žä¨£¥âì_ .;ì;â;¥;£;¨;ä;V;Ž”ˆƒ…’œ;V pf - - inf - -;œ
2042;;,;,;PUNCT;;;;;;;;;;PUNCT;;;
2043;;;;;;;;;;;;;;;;;
2044;# sent = 148;;;;;;;;;;;;;;;;
2045;;—ãâì;—“’œ;ADV -;;;. _—ãâì_ ¬ è¨­  ­¥ ã¯ « ;ì;â;ã;ç;;;ADV;—“’œ;ADV -;œ
2046;;¬ è¨­ ;Œ€˜ˆ€;S f inan nom sg;;;—ãâì _¬ è¨­ _ ­¥ ã¯ «  .; ;­;¨;è; ;¬;S;Œ€˜ˆ€;S f inan nom sg;€
2047;;­¥;…;PART;;;—ãâì ¬ è¨­  _­¥_ ã¯ «  .;¥;­;;;;;PART;…;PART;…
2048;;ã¯ « ;“€‘’œ;V pf praet sg indic intr act f -;;;—ãâì ¬ è¨­  ­¥ _ã¯ « _ .; ;«; ;¯;ã;;V;“€‘’œ;V pf praet sg indic f -;œ
2049;;,;,;PUNCT;;;;;;;;;;PUNCT;;;
2050;;;;;;;;;;;;;;;;;
2051;# sent = 149;;;;;;;;;;;;;;;;
2052;;“¦ á;“†€‘;S m inan nom sg;;;. _“¦ á_ .;á; ;¦;ã;;;S;“†€‘;S m inan nom sg;‘
2053;;,;,;PUNCT;;;;;;;;;;PUNCT;;;
2054;;;;;;;;;;;;;;;;;
2055;# sent = 150;;;;;;;;;;;;;;;;
2056;# speaker = €à¨­ ;;;;;;;;;;;;;;;;
2057;# sent = 151;;;;;;;;;;;;;;;;
2058;"<distinct form=""";;;;;;;;;;;;;;;;
2059;<dist>;ããã;;;;;;;;;;;;;;;
2060;""">";;;;;;;;;;;;;;;;
2061;;ã;“;INTJ;;;ããã _ã_ , ª®­¥ç­®;ã;­;;;;;PART;“;PART;“
2062;</distinct>;;;;;;;;;;;;;;;;
2063;;,;,;PUNCT;;;;;;;;;;PUNCT;;;
2064;;ª®­¥ç­®;ŠŽ…—Ž;PARENTH;;;ã , _ª®­¥ç­®_ , â ª ï ¬®«®¤¥æ;®;­;ç;¥;­;®;ADV;ŠŽ…—Ž;ADV -;Ž
2065;;,;,;PUNCT;;;;;;;;;;PUNCT;;;
2066;;â ª ï;’€ŠŽ‰;APRO - nom sg plen f -;;;, ª®­¥ç­® , _â ª ï_ ¬®«®¤¥æ .;ï; ;ª; ;â;;APRO;’€ŠŽ‰;A - nom sg plen f -;‰
2067;;¬®«®¤¥æ;ŒŽ‹Ž„…–;S m anim nom sg;;;ª®­¥ç­® , â ª ï _¬®«®¤¥æ_ .;æ;¥;¤;®;«;®;S;ŒŽ‹Ž„…–;S f anim nom sg;–
2068;;,;,;PUNCT;;;;;;;;;;PUNCT;;;
2069;;;;;;;;;;;;;;;;;
2070;# sent = 152;;;;;;;;;;;;;;;;
2071;;Žç¥­ì;Ž—…œ;ADV -;;;. _Žç¥­ì_ å®à®è ï ¦¥­é¨­  .;ì;­;¥;ç;®;;ADV;Ž—…œ;ADV -;œ
2072;;å®à®è ï;•ŽŽ˜ˆ‰;A - nom sg plen f -;;;Žç¥­ì _å®à®è ï_ ¦¥­é¨­  .;ï; ;è;®;à;®;A;•ŽŽ˜ˆ‰;A - nom sg plen f -;‰
2073;;¦¥­é¨­ ;†…™ˆ€;S f anim nom sg;;;Žç¥­ì å®à®è ï _¦¥­é¨­ _ .; ;­;¨;é;­;¥;S;†…™ˆ€;S f anim nom sg;€
2074;;,;,;PUNCT;;;;;;;;;;PUNCT;;;
2075;;;;;;;;;;;;;;;;;
2076;# sent = 153;;;;;;;;;;;;;;;;
2077;;“à ;“€;INTJ;;;. _“à _ !; ;à;ã;;;;INTJ;“€;INTJ;€
2078;;!;!;PUNCT;;;;;;;;;;PUNCT;;;
2079;;;;;;;;;;;;;;;;;
2080;# sent = 154;;;;;;;;;;;;;;;;
2081;; ç «®;€—€‹Ž;S n inan nom sg;;;! _ ç «®_ !;®;«; ;ç; ;­;S;€—€‹Ž;S n inan nom sg;Ž
2082;;!;!;PUNCT;;;;;;;;;;PUNCT;;;
2083;;;;;;;;;;;;;;;;;
2084;# sent = 155;;;;;;;;;;;;;;;;
2085;# speaker = €à¨­ ;;;;;;;;;;;;;;;;
2086;# sent = 156;;;;;;;;;;;;;;;;
2087;;Œ­¥;Ÿ;SPRO sg 1p - dat;;;_Œ­¥_ áâà è­® .;¥;­;¬;;;;SPRO;Ÿ;SPRO sg 1p - dat;Ÿ
2088;;áâà è­®;‘’€˜Ž;ADV -;;;Œ­¥ _áâà è­®_ .;®;­;è; ;à;â;ADV;‘’€˜Ž;ADV -;Ž
2089;;,;,;PUNCT;;;;;;;;;;PUNCT;;;
2090;;;;;;;;;;;;;;;;;
2091;# sent = 157;;;;;;;;;;;;;;;;
2092;;Šâ®;Š’Ž;SPRO m - nom sg;;;. _Šâ®_ â ¬ á¨¤¨â á¯¨­®©;®;â;ª;;;;S;Š’Ž;S m - nom sg;Ž
2093;;â ¬;’€Œ;ADVPRO;;;Šâ® _â ¬_ á¨¤¨â á¯¨­®© .;¬; ;â;;;;ADV;’€Œ;ADV -;Œ
2094;;á¨¤¨â;‘ˆ„…’œ;V ipf praes sg indic intr act 3p;;;Šâ® â ¬ _á¨¤¨â_ á¯¨­®© .;â;¨;¤;¨;á;;V;‘ˆ„…’œ;V ipf praes sg indic - 3p;œ
2095;;á¯¨­®©;‘ˆ€;S f inan ins sg;;;Šâ® â ¬ á¨¤¨â _á¯¨­®©_ .;©;®;­;¨;¯;á;S;‘ˆ€;S f inan ins sg;€
2096;;,;,;PUNCT;;;;;;;;;;PUNCT;;;
2097;;;;;;;;;;;;;;;;;
2098;# sent = 158;;;;;;;;;;;;;;;;
2099;# speaker = €à¨­ ;;;;;;;;;;;;;;;;
2100;# sent = 159;;;;;;;;;;;;;;;;
2101;;Ž;Ž;INTJ;;;_Ž_ !;®;;;;;;INTJ;Ž;INTJ;Ž
2102;;!;!;PUNCT;;;;;;;;;;PUNCT;;;
2103;;;;;;;;;;;;;;;;;
2104;# sent = 160;;;;;;;;;;;;;;;;
2105;;â®â;’Ž’;APRO - nom sg m -;;;! _â®â_ ¬ã¦¨ª ¨§ ...;â;®;â;í;;;APRO;’Ž’;A - nom sg plen m -;’
2106;;¬ã¦¨ª;Œ“†ˆŠ;S m anim nom sg;;;â®â _¬ã¦¨ª_ ¨§ ...;ª;¨;¦;ã;¬;;S;Œ“†ˆŠ;S m anim nom sg;Š
2107;;¨§;ˆ‡;PR;;;â®â ¬ã¦¨ª _¨§_ ...;§;¨;;;;;PR;ˆ‡;PR;‡
2108;;...;...;PUNCT;;;;;;;;;;PUNCT;;;
2109;;;;;;;;;;;;;;;;;
2110;# sent = 161;;;;;;;;;;;;;;;;
2111;;ˆ§;ˆ‡;PR;;;... _ˆ§_ ¬¥­â «¨áâ  !;§;¨;;;;;PR;ˆ‡;PR;‡
2112;;¬¥­â «¨áâ ;Œ…’€‹ˆ‘’;S m anim gen sg;;;ˆ§ _¬¥­â «¨áâ _ !; ;â;á;¨;«; ;S;Œ…’€‹ˆ‘’;S m anim acc sg;’
2113;;!;!;PUNCT;;;;;;;;;;PUNCT;;;
2114;;;;;;;;;;;;;;;;;
2115;# sent = 162;;;;;;;;;;;;;;;;
2116;;à¨ª®«ì­®;ˆŠŽ‹œŽ;ADV -;;;! _à¨ª®«ì­®_ ! ¢§¤ëå ¥â;®;­;ì;«;®;ª;ADV;ˆŠŽ‹œŽ;ADV -;Ž
2117;;!;!;PUNCT;;;;;;;;;;PUNCT;;;
2118;"<span class=""note"">";;;;;;;;;;;;;;;;
2119;<note>;¢§¤ëå ¥â;;;;;;;;;;;;;;;
2120;</span>;;;;;;;;;;;;;;;;
2121;;;;;;;;;;;;;;;;;
2122;# sent = 163;;;;;;;;;;;;;;;;
2123;# speaker = €à¨­ ;;;;;;;;;;;;;;;;
2124;# sent = 164;;;;;;;;;;;;;;;;
2125;;ã;“;INTJ;;;_ã_ , ª®­¥ç­® ,;ã;­;;;;;PART;“;PART;“
2126;;,;,;PUNCT;;;;;;;;;;PUNCT;;;
2127;;ª®­¥ç­®;ŠŽ…—Ž;PARENTH;;;ã , _ª®­¥ç­®_ , ¢®â â ª;®;­;ç;¥;­;®;ADV;ŠŽ…—Ž;ADV -;Ž
2128;;,;,;PUNCT;;;;;;;;;;PUNCT;;;
2129;;¢®â;‚Ž’;PART;;;, ª®­¥ç­® , _¢®â_ â ª ¢®â ®­¨;â;®;¢;;;;PART;‚Ž’;PART;’
2130;;â ª;’€Š;ADVPRO;;;ª®­¥ç­® , ¢®â _â ª_ ¢®â ®­¨ á¨¤ïâ;ª; ;â;;;;ADV;’€Š;ADV -;Š
2131;;¢®â;‚Ž’;PART;;;, ¢®â â ª _¢®â_ ®­¨ á¨¤ïâ ­ ;â;®;¢;;;;PART;‚Ž’;PART;’
2132;;®­¨;Žˆ;SPRO pl nom 3p;;;¢®â â ª ¢®â _®­¨_ á¨¤ïâ ­  ¢ë¡®à å;¨;­;®;;;;SPRO;Žˆ;SPRO pl - - nom;ˆ
2133;;á¨¤ïâ;‘ˆ„…’œ;V ipf praes pl indic intr act 3p;;;â ª ¢®â ®­¨ _á¨¤ïâ_ ­  ¢ë¡®à å ¨;â;ï;¤;¨;á;;V;‘ˆ„…’œ;V ipf praes pl indic - 3p;œ
2134;;­ ;€;PR;;;¢®â ®­¨ á¨¤ïâ _­ _ ¢ë¡®à å ¨ ¬®«ïâáï; ;­;;;;;PR;€;PR;€
2135;;¢ë¡®à å;‚›Ž›;S - inan loc pl;;;®­¨ á¨¤ïâ ­  _¢ë¡®à å_ ¨ ¬®«ïâáï ,;å; ;à;®;¡;ë;S;‚›Ž›;S - inan loc pl;›
2136;;¨;ˆ;CONJ;;;á¨¤ïâ ­  ¢ë¡®à å _¨_ ¬®«ïâáï , ª ¦¤ë©;¨;;;;;;CONJ;ˆ;CONJ;ˆ
2137;;¬®«ïâáï;ŒŽ‹ˆ’œ‘Ÿ;V ipf praes pl indic intr med 3p;;;­  ¢ë¡®à å ¨ _¬®«ïâáï_ , ª ¦¤ë© ç¥«®¢¥ª;ï;á;â;ï;«;®;V;ŒŽ‹ˆ’œ‘Ÿ;V ipf praes pl indic - 3p;Ÿ
2138;;,;,;PUNCT;;;;;;;;;;PUNCT;;;
2139;;ª ¦¤ë©;Š€†„›‰;APRO nom sg m ;;;¨ ¬®«ïâáï , _ª ¦¤ë©_ ç¥«®¢¥ª ¢ €¬¥à¨ª¥;©;ë;¤;¦; ;ª;APRO;Š€†„›‰;A - nom sg plen m -;‰
2140;;ç¥«®¢¥ª;—…‹Ž‚…Š;S m anim nom sg;;;¬®«ïâáï , ª ¦¤ë© _ç¥«®¢¥ª_ ¢ €¬¥à¨ª¥ .;ª;¥;¢;®;«;¥;S;—…‹Ž‚…Š;S m anim nom sg;Š
2141;;¢;‚;PR;;;, ª ¦¤ë© ç¥«®¢¥ª _¢_ €¬¥à¨ª¥ .;¢;;;;;;PR;‚;PR;‚
2142;;€¬¥à¨ª¥;€Œ…ˆŠ€;S f inan loc sg;;;ª ¦¤ë© ç¥«®¢¥ª ¢ _€¬¥à¨ª¥_ .;¥;ª;¨;à;¥;¬;S;€Œ…ˆŠ€;S f inan loc sg;€
2143;;,;,;PUNCT;;;;;;;;;;PUNCT;;;
2144;;;;;;;;;;;;;;;;;
2145;# sent = 165;;;;;;;;;;;;;;;;
2146;;‚®â;‚Ž’;PART;;;. _‚®â_ â ª ¢®â .;â;®;¢;;;;PART;‚Ž’;PART;’
2147;;â ª;’€Š;ADVPRO;;;‚®â _â ª_ ¢®â .;ª; ;â;;;;ADV;’€Š;ADV -;Š
2148;;¢®â;‚Ž’;PART;;;‚®â â ª _¢®â_ .;â;®;¢;;;;PART;‚Ž’;PART;’
2149;;,;,;PUNCT;;;;;;;;;;PUNCT;;;
2150;;;;;;;;;;;;;;;;;
2151;# sent = 166;;;;;;;;;;;;;;;;
2152;# speaker = €à¨­ ;;;;;;;;;;;;;;;;
2153;# sent = 167;;;;;;;;;;;;;;;;
2154;"<span class=""note"">";;;;;;;;;;;;;;;;
2155;<note>;á¬¥¥âáï;;;;;;;;;;;;;;;
2156;</span>;;;;;;;;;;;;;;;;
2157;"<distinct form=""";;;;;;;;;;;;;;;;
2158;<dist>;áíèí ;;;;;;;;;;;;;;;
2159;""">";;;;;;;;;;;;;;;;
2160;;‘˜€;‘˜€;S - inan gen pl m abbr;;;áíèí  _‘˜€_ .; ;è;á;;;;S;‘˜€;S - inan gen pl;€
2161;</distinct>;;;;;;;;;;;;;;;;
2162;;,;,;PUNCT;;;;;;;;;;PUNCT;;;
2163;;;;;;;;;;;;;;;;;
2164;# sent = 168;;;;;;;;;;;;;;;;
2165;"<span class=""note"">";;;;;;;;;;;;;;;;
2166;<note>;á¬¥¥âáï;;;;;;;;;;;;;;;
2167;</span>;;;;;;;;;;;;;;;;
2168;;;;;;;;;;;;;;;;;
2169;# sent = 169;;;;;;;;;;;;;;;;
2170;# speaker = €à¨­ ;;;;;;;;;;;;;;;;
2171;# sent = 170;;;;;;;;;;;;;;;;
2172;;‘ª ¦¨;‘Š€‡€’œ;V pf sg imper tran act 2p;;;_‘ª ¦¨_ , ¯®¦ «ã©áâ  ,;¨;¦; ;ª;á;;V;‘Š€‡€’œ;V pf - sg imper - 2p;œ
2173;;,;,;PUNCT;;;;;;;;;;PUNCT;;;
2174;;¯®¦ «ã©áâ ;Ž†€‹“‰‘’€;PART;;;‘ª ¦¨ , _¯®¦ «ã©áâ _ , âë ¡ë; ;â;á;©;ã;«;PART;Ž†€‹“‰‘’€;PART;€
2175;;,;,;PUNCT;;;;;;;;;;PUNCT;;;
2176;;âë;’›;SPRO sg 2p - nom;;;, ¯®¦ «ã©áâ  , _âë_ ¡ë ¯« ª «  ,;ë;â;;;;;SPRO;’›;SPRO sg 2p - nom;›
2177;;¡ë;›;PART;;;¯®¦ «ã©áâ  , âë _¡ë_ ¯« ª «  , ¥á«¨;ë;¡;;;;;PART;›;PART;›
2178;;¯« ª « ;‹€Š€’œ;V ipf praet sg indic f act intr  -;;;, âë ¡ë _¯« ª « _ , ¥á«¨ ¡ë; ;«; ;ª; ;«;V;‹€Š€’œ;V ipf praet sg indic f -;œ
2179;;,;,;PUNCT;;;;;;;;;;PUNCT;;;
2180;;¥á«¨;…‘‹ˆ;CONJ;;;¡ë ¯« ª «  , _¥á«¨_ ¡ë , ­ã;¨;«;á;¥;;;CONJ;…‘‹ˆ;CONJ;ˆ
2181;;¡ë;›;PART;;;¯« ª «  , ¥á«¨ _¡ë_ , ­ã ,;ë;¡;;;;;PART;›;PART;›
2182;;,;,;PUNCT;;;;;;;;;;PUNCT;;;
2183;;­ã;“;INTJ;;;¥á«¨ ¡ë , _­ã_ , ­¥ §­ î;ã;­;;;;;PART;“;PART;“
2184;;,;,;PUNCT;;;;;;;;;;PUNCT;;;
2185;;­¥;…;PART;;;, ­ã , _­¥_ §­ î , „®­ «ì¤;¥;­;;;;;PART;…;PART;…
2186;;§­ î;‡€’œ;V ipf praes sg indic tran act 1p;;;­ã , ­¥ _§­ î_ , „®­ «ì¤;î; ;­;§;;;V;‡€’œ;V ipf praes sg indic - 1p;œ
2187;;,;,;PUNCT;;;;;;;;;;PUNCT;;;
2188;;„®­ «ì¤;„Ž€‹œ„;S m anim nom sg persn;;;­¥ §­ î , _„®­ «ì¤_ ’à ¬;¤;ì;«; ;­;®;S;„Ž€‹œ„;S m anim nom sg;„
2189;"<distinct form=""";;;;;;;;;;;;;;;;
2190;<dist>;’à ¬;;;;;;;;;;;;;;;
2191;""">";;;;;;;;;;;;;;;;
2192;;’à ¬¯;’€Œ;S m anim nom sg famn;;;’à ¬ _’à ¬¯_ ...;¯;¬; ;à;â;;S;’€Œ;S f inan nom sg;
2193;</distinct>;;;;;;;;;;;;;;;;
2194;;...;...;PUNCT;;;;;;;;;;PUNCT;;;
2195;;;;;;;;;;;;;;;;;
2196;# sent = 171;;;;;;;;;;;;;;;;
2197;;’à ¬¯;’€Œ;S m anim nom sg famn;;;... _’à ¬¯_ ¢ë¨£à « ¡ë ?;¯;¬; ;à;â;;S;’€Œ;S m anim nom sg;
2198;;¢ë¨£à «;‚›ˆƒ€’œ;V pf praet sg indic act tran m -;;;’à ¬¯ _¢ë¨£à «_ ¡ë ?;«; ;à;£;¨;ë;V;‚›ˆƒ€’œ;V pf praet sg indic m -;œ
2199;;¡ë;›;PART;;;’à ¬¯ ¢ë¨£à « _¡ë_ ?;ë;¡;;;;;PART;›;PART;›
2200;;?;?;PUNCT;;;;;;;;;;PUNCT;;;
2201;;;;;;;;;;;;;;;;;
2202;# sent = 172;;;;;;;;;;;;;;;;
2203;;‚®â;‚Ž’;PART;;;? _‚®â_ ¯àï¬;â;®;¢;;;;PART;‚Ž’;PART;’
2204;"<distinct form=""";;;;;;;;;;;;;;;;
2205;<dist>;¯àï¬;;;;;;;;;;;;;;;
2206;""">";;;;;;;;;;;;;;;;
2207;;¯àï¬®;ŸŒŽ;PART;;;¯àï¬ _¯àï¬®_ ¯« ª âì ?;®;¬;ï;à;¯;;ADV;ŸŒŽ;ADV -;Ž
2208;</distinct>;;;;;;;;;;;;;;;;
2209;;¯« ª âì;‹€Š€’œ;V ipf intr inf act;;;¯àï¬® _¯« ª âì_ ?;ì;â; ;ª; ;«;V;‹€Š€’œ;V ipf - - inf - -;œ
2210;;?;?;PUNCT;;;;;;;;;;PUNCT;;;
2211;;;;;;;;;;;;;;;;;
2212;# sent = 173;;;;;;;;;;;;;;;;
2213;;ã;“;INTJ;;;? _ã_ , å®âï ã;ã;­;;;;;PART;“;PART;“
2214;;,;,;PUNCT;;;;;;;;;;PUNCT;;;
2215;;å®âï;•Ž’Ÿ;CONJ;;;ã , _å®âï_ ã ­¨å ¦¥;ï;â;®;å;;;CONJ;•Ž’Ÿ;CONJ;Ÿ
2216;;ã;“;PR;;;ã , å®âï _ã_ ­¨å ¦¥ á¨«ì­®;ã;;;;;;PR;“;PR;“
2217;;­¨å;Žˆ;SPRO pl 3p gen;;;, å®âï ã _­¨å_ ¦¥ á¨«ì­® ¢;å;¨;­;;;;SPRO;Žˆ;SPRO pl - - loc;ˆ
2218;;¦¥;†…;PART;;;å®âï ã ­¨å _¦¥_ á¨«ì­® ¢ €¬¥à¨ª¥;¥;¦;;;;;PART;†…;PART;…
2219;;á¨«ì­®;‘ˆ‹œŽ;ADV -;;;ã ­¨å ¦¥ _á¨«ì­®_ ¢ €¬¥à¨ª¥ â ¬;®;­;ì;«;¨;á;ADV;‘ˆ‹œŽ;ADV -;Ž
2220;;¢;‚;PR;;;­¨å ¦¥ á¨«ì­® _¢_ €¬¥à¨ª¥ â ¬ ¤¥«¥­¨¥;¢;;;;;;PR;‚;PR;‚
2221;;€¬¥à¨ª¥;€Œ…ˆŠ€;S f inan loc sg;;;¦¥ á¨«ì­® ¢ _€¬¥à¨ª¥_ â ¬ ¤¥«¥­¨¥ ¨¤ñâ;¥;ª;¨;à;¥;¬;S;€Œ…ˆŠ€;S f inan loc sg;€
2222;;â ¬;’€Œ;ADVPRO;;;á¨«ì­® ¢ €¬¥à¨ª¥ _â ¬_ ¤¥«¥­¨¥ ¨¤ñâ ­ ;¬; ;â;;;;ADV;’€Œ;ADV -;Œ
2223;;¤¥«¥­¨¥;„…‹…ˆ…;S n inan nom sg;;;¢ €¬¥à¨ª¥ â ¬ _¤¥«¥­¨¥_ ¨¤ñâ ­  «¨¡¥à «®¢;¥;¨;­;¥;«;¥;S;„…‹…ˆ…;S n inan nom sg;…
2224;;¨¤ñâ;ˆ„’ˆ;V ipf praes sg indic act 3p;;;€¬¥à¨ª¥ â ¬ ¤¥«¥­¨¥ _¨¤ñâ_ ­  «¨¡¥à «®¢ ¨;â;ñ;¤;¨;;;V;ˆ„’ˆ;V ipf praes sg indic - 3p;ˆ
2225;;­ ;€;PR;;;â ¬ ¤¥«¥­¨¥ ¨¤ñâ _­ _ «¨¡¥à «®¢ ¨ íâ®; ;­;;;;;PR;€;PR;€
2226;;«¨¡¥à «®¢;‹ˆ…€‹;S m anim gen pl;;;¤¥«¥­¨¥ ¨¤ñâ ­  _«¨¡¥à «®¢_ ¨ íâ® ,;¢;®;«; ;à;¥;S;‹ˆ…€‹;S m anim gen pl;‹
2227;;¨;ˆ;CONJ;;;¨¤ñâ ­  «¨¡¥à «®¢ _¨_ íâ® , ª®­¥ç­®;¨;;;;;;CONJ;ˆ;CONJ;ˆ
2228;;íâ®;’Ž;SPRO n - nom sg;;;­  «¨¡¥à «®¢ ¨ _íâ®_ , ª®­¥ç­® ,;®;â;í;;;;SPRO;’Ž;S n - nom sg;Ž
2229;;,;,;PUNCT;;;;;;;;;;PUNCT;;;
2230;;ª®­¥ç­®;ŠŽ…—Ž;PARENTH;;;¨ íâ® , _ª®­¥ç­®_ , ¤¥¬®ªà â®¢ .;®;­;ç;¥;­;®;ADV;ŠŽ…—Ž;ADV -;Ž
2231;;,;,;PUNCT;;;;;;;;;;PUNCT;;;
2232;;¤¥¬®ªà â®¢;„…ŒŽŠ€’;S m anim gen pl;;;, ª®­¥ç­® , _¤¥¬®ªà â®¢_ .;¢;®;â; ;à;ª;S;„…ŒŽŠ€’;S m anim gen pl;’
2233;;,;,;PUNCT;;;;;;;;;;PUNCT;;;
2234;;;;;;;;;;;;;;;;;
2235;# sent = 174;;;;;;;;;;;;;;;;
2236;;Ž©;Ž‰;INTJ;;;. _Ž©_ , ¤¥¬®ªà âë ¨;©;®;;;;;INTJ;Ž‰;INTJ;‰
2237;;,;,;PUNCT;;;;;;;;;;PUNCT;;;
2238;;¤¥¬®ªà âë;„…ŒŽŠ€’;S m anim nom pl;;;Ž© , _¤¥¬®ªà âë_ ¨ ªâ® ?;ë;â; ;à;ª;®;S;„…ŒŽŠ€’;S m anim nom pl;’
2239;;¨;ˆ;CONJ;;;Ž© , ¤¥¬®ªà âë _¨_ ªâ® ?;¨;;;;;;CONJ;ˆ;CONJ;ˆ
2240;;ªâ®;Š’Ž;SPRO m anim nom sg;;;, ¤¥¬®ªà âë ¨ _ªâ®_ ?;®;â;ª;;;;S;Š’Ž;S m anim nom sg;Ž
2241;;?;?;PUNCT;;;;;;;;;;PUNCT;;;
2242;;;;;;;;;;;;;;;;;
2243;# sent = 175;;;;;;;;;;;;;;;;
2244;;Š®­á¥à¢ â®àë;ŠŽ‘…‚€’Ž;S m anim nom pl;;;? _Š®­á¥à¢ â®àë_ ?;ë;à;®;â; ;¢;S;ŠŽ‘…‚€’Ž;S m inan gen sg;
2245;;?;?;PUNCT;;;;;;;;;;PUNCT;;;
2246;;;;;;;;;;;;;;;;;
2247;# sent = 176;;;;;;;;;;;;;;;;
2248;# speaker = ‡ ª ¤à®¬;;;;;;;;;;;;;;;;
2249;# sent = 177;;;;;;;;;;;;;;;;
2250;;¥á¯ã¡«¨ª ­æë;…‘“‹ˆŠ€…–;S m anim nom pl;;;_¥á¯ã¡«¨ª ­æë_ .;ë;æ;­; ;ª;¨;S;…‘“‹ˆŠ€…–;S m inan nom sg;–
2251;;,;,;PUNCT;;;;;;;;;;PUNCT;;;
2252;;;;;;;;;;;;;;;;;
2253;# sent = 178;;;;;;;;;;;;;;;;
2254;# speaker = €à¨­ ;;;;;;;;;;;;;;;;
2255;# sent = 179;;;;;;;;;;;;;;;;
2256;;¥á¯ã¡«¨ª ­æë;…‘“‹ˆŠ€…–;S m anim nom pl;;;_¥á¯ã¡«¨ª ­æë_ .;ë;æ;­; ;ª;¨;S;…‘“‹ˆŠ€…–;S m inan nom sg;–
2257;;,;,;PUNCT;;;;;;;;;;PUNCT;;;
2258;;;;;;;;;;;;;;;;;
2259;# sent = 180;;;;;;;;;;;;;;;;
2260;;„ ;„€;PART;;;. _„ _ , £®á¯®¤¨ .; ;¤;;;;;PART;„€;PART;€
2261;;,;,;PUNCT;;;;;;;;;;PUNCT;;;
2262;;£®á¯®¤¨;ƒŽ‘Ž„ˆ;INTJ;;;„  , _£®á¯®¤¨_ .;¨;¤;®;¯;á;®;INTJ;ƒŽ‘Ž„ˆ;INTJ;ˆ
2263;;,;,;PUNCT;;;;;;;;;;PUNCT;;;
2264;;;;;;;;;;;;;;;;;
2265;# sent = 181;;;;;;;;;;;;;;;;
2266;;ã;“;INTJ;;;. _ã_ ã ­¥£®;ã;­;;;;;PART;“;PART;“
2267;;ã;“;PR;;;ã _ã_ ­¥£® ¯àï¬;ã;;;;;;PR;“;PR;“
2268;;­¥£®;Ž;SPRO sg 3p m gen;;;ã ã _­¥£®_ ¯àï¬;®;£;¥;­;;;SPRO;Ž;SPRO sg 3p m acc;
2269;"<distinct form=""";;;;;;;;;;;;;;;;
2270;<dist>;¯àï¬;;;;;;;;;;;;;;;
2271;""">";;;;;;;;;;;;;;;;
2272;;¯àï¬®;ŸŒŽ;PART;;;¯àï¬ _¯àï¬®_ ¨áâ¥à¨ª  .;®;¬;ï;à;¯;;ADV;ŸŒŽ;ADV -;Ž
2273;</distinct>;;;;;;;;;;;;;;;;
2274;;¨áâ¥à¨ª ;ˆ‘’…ˆŠ€;S f inan nom sg;;;¯àï¬® _¨áâ¥à¨ª _ .; ;ª;¨;à;¥;â;S;ˆ‘’…ˆŠ€;S f inan nom sg;€
2275;;,;,;PUNCT;;;;;;;;;;PUNCT;;;
2276;;;;;;;;;;;;;;;;;
2277;# sent = 182;;;;;;;;;;;;;;;;
2278;;ã;“;INTJ;;;. _ã_ ª®­¥ç­® ¦;ã;­;;;;;PART;“;PART;“
2279;;ª®­¥ç­®;ŠŽ…—Ž;PARENTH;;;ã _ª®­¥ç­®_ ¦;®;­;ç;¥;­;®;ADV;ŠŽ…—Ž;ADV -;Ž
2280;"<distinct form=""";;;;;;;;;;;;;;;;
2281;<dist>;¦;;;;;;;;;;;;;;;
2282;""">";;;;;;;;;;;;;;;;
2283;;¦¥;†…;PART;;;¦ _¦¥_ .;¥;¦;;;;;PART;†…;PART;…
2284;</distinct>;;;;;;;;;;;;;;;;
2285;;,;,;PUNCT;;;;;;;;;;PUNCT;;;
2286;;;;;;;;;;;;;;;;;
2287;# sent = 183;;;;;;;;;;;;;;;;
2288;;â®â;’Ž’;APRO - nom sg m -;;;. _â®â_ â¥«¥¢¨§®à âàïáñâ ,;â;®;â;í;;;APRO;’Ž’;A - nom sg plen m -;’
2289;;â¥«¥¢¨§®à;’…‹…‚ˆ‡Ž;S m inan acc sg;;;â®â _â¥«¥¢¨§®à_ âàïáñâ , ¬®«®¤¥æ;à;®;§;¨;¢;¥;S;’…‹…‚ˆ‡Ž;S m inan nom sg;
2290;;âàïáñâ;’Ÿ‘’ˆ;V ipf praes sg indic tran act 3p;;;â®â â¥«¥¢¨§®à _âàïáñâ_ , ¬®«®¤¥æ .;â;ñ;á;ï;à;â;V;’Ÿ‘’ˆ;V ipf praes sg indic - 3p;ˆ
2291;;,;,;PUNCT;;;;;;;;;;PUNCT;;;
2292;;¬®«®¤¥æ;ŒŽ‹Ž„…–;S m anim nom sg;;;â¥«¥¢¨§®à âàïáñâ , _¬®«®¤¥æ_ .;æ;¥;¤;®;«;®;S;ŒŽ‹Ž„…–;S m anim nom sg;–
2293;;,;,;PUNCT;;;;;;;;;;PUNCT;;;
2294;;;;;;;;;;;;;;;;;
2295;# sent = 184;;;;;;;;;;;;;;;;
2296;"<distinct form=""";;;;;;;;;;;;;;;;
2297;<dist>;€  ;;;;;;;;;;;;;;;
2298;""">";;;;;;;;;;;;;;;;
2299;;€;€;INTJ;;;€   _€_ ï ¯®­ï« ; ;;;;;;INTJ;€;INTJ;€
2300;</distinct>;;;;;;;;;;;;;;;;
2301;;ï;Ÿ;SPRO sg 1p - nom;;;€ _ï_ ¯®­ï«  , çâ®;ï;;;;;;SPRO;Ÿ;SPRO sg 1p - nom;Ÿ
2302;;¯®­ï« ;ŽŸ’œ;V pf praet sg indic f act ;;;€ ï _¯®­ï« _ , çâ® ®­; ;«;ï;­;®;¯;V;ŽŸ’œ;V pf praet sg indic f -;œ
2303;;,;,;PUNCT;;;;;;;;;;PUNCT;;;
2304;;çâ®;—’Ž;CONJ;;;ï ¯®­ï«  , _çâ®_ ®­ á ­¨¬;®;â;ç;;;;CONJ;—’Ž;CONJ;Ž
2305;;®­;Ž;SPRO sg 3p m nom;;;¯®­ï«  , çâ® _®­_ á ­¨¬ ¤¥« ¥â;­;®;;;;;SPRO;Ž;SPRO sg 3p m nom;
2306;;á;‘;PR;;;, çâ® ®­ _á_ ­¨¬ ¤¥« ¥â .;á;;;;;;PR;‘;PR;‘
2307;;­¨¬;Ž;SPRO sg 3p m ins;;;çâ® ®­ á _­¨¬_ ¤¥« ¥â .;¬;¨;­;;;;SPRO;Ž;SPRO sg 3p m ins;
2308;;¤¥« ¥â;„…‹€’œ;V ipf praes sg indic tran act 3p;;;®­ á ­¨¬ _¤¥« ¥â_ .;â;¥; ;«;¥;¤;V;„…‹€’œ;V ipf praes sg indic - 3p;œ
2309;;,;,;PUNCT;;;;;;;;;;PUNCT;;;
2310;;;;;;;;;;;;;;;;;
2311;# sent = 185;;;;;;;;;;;;;;;;
2312;"<span class=""note"">";;;;;;;;;;;;;;;;
2313;<note>;á¬¥¥âáï;;;;;;;;;;;;;;;
2314;</span>;;;;;;;;;;;;;;;;
2315;;àï¬;ŸŒŽ;PART;;;á¬¥¥âáï _àï¬_ ¡¥¤  ¢ ¤®¬¥;¬;ï;à;¯;;;A;ŸŒŽ‰;A - - sg brev m -;‰
2316;;¡¥¤ ;…„€;S f inan nom sg;;;á¬¥¥âáï àï¬ _¡¥¤ _ ¢ ¤®¬¥ ,; ;¤;¥;¡;;;S;…„€;S f inan nom sg;€
2317;;¢;‚;PR;;;àï¬ ¡¥¤  _¢_ ¤®¬¥ , ®­ ;¢;;;;;;PR;‚;PR;‚
2318;;¤®¬¥;„ŽŒ;S m inan loc sg;;;àï¬ ¡¥¤  ¢ _¤®¬¥_ , ®­  áë­ ;¥;¬;®;¤;;;S;„ŽŒ;S m inan loc sg;Œ
2319;;,;,;PUNCT;;;;;;;;;;PUNCT;;;
2320;;®­ ;Ž€;SPRO sg 3p f nom;;;¢ ¤®¬¥ , _®­ _ áë­  ®¡­¨¬ ¥â ¨; ;­;®;;;;SPRO;Ž€;SPRO sg 3p f nom;€
2321;;áë­ ;‘›;S m anim gen sg;;;¤®¬¥ , ®­  _áë­ _ ®¡­¨¬ ¥â ¨ â ª ï; ;­;ë;á;;;S;‘›;S m anim gen sg;
2322;;®¡­¨¬ ¥â;ŽˆŒ€’œ;V ipf praes sg indic tran act 3p;;;, ®­  áë­  _®¡­¨¬ ¥â_ ¨ â ª ï;â;¥; ;¬;¨;­;V;ŽˆŒ€’œ;V ipf praes sg indic - 3p;œ
2323;;¨;ˆ;CONJ;;;®­  áë­  ®¡­¨¬ ¥â _¨_ â ª ï ¯« ç¥â;¨;;;;;;CONJ;ˆ;CONJ;ˆ
2324;;â ª ï;’€ŠŽ‰;APRO - nom sg plen f -;;;áë­  ®¡­¨¬ ¥â ¨ _â ª ï_ ¯« ç¥â;ï; ;ª; ;â;;APRO;’€ŠŽ‰;A - nom sg plen f -;‰
2325;"<span class=""note"">";;;;;;;;;;;;;;;;
2326;<note>;¯« ç¥â;;;;;;;;;;;;;;;
2327;</span>;;;;;;;;;;;;;;;;
2328;;,;,;PUNCT;;;;;;;;;;PUNCT;;;
2329;;;;;;;;;;;;;;;;;
2330;# sent = 186;;;;;;;;;;;;;;;;
2331;# speaker = €à¨­ ;;;;;;;;;;;;;;;;
2332;# sent = 187;;;;;;;;;;;;;;;;
2333;;‚¤ëå ©;‚„›•€’œ;V ipf - sg imper tran act 2p;;;_‚¤ëå ©_ § ¯ å ¯¥ç¥­ìï ,;©; ;å;ë;¤;¢;V;‚„›•€’œ;V ipf - sg imper - 2p;œ
2334;;§ ¯ å;‡€€•;S m inan acc sg;;;‚¤ëå © _§ ¯ å_ ¯¥ç¥­ìï , ®ç¥­ì;å; ;¯; ;§;;S;‡€€•;S m inan acc sg;•
2335;;¯¥ç¥­ìï;…—…œ…;S n inan gen sg;;;‚¤ëå © § ¯ å _¯¥ç¥­ìï_ , ®ç¥­ì ãá¯®ª ¨¢ ¥â;ï;ì;­;¥;ç;¥;S;…—…œ…;S n inan gen sg;…
2336;;,;,;PUNCT;;;;;;;;;;PUNCT;;;
2337;;®ç¥­ì;Ž—…œ;ADV -;;;§ ¯ å ¯¥ç¥­ìï , _®ç¥­ì_ ãá¯®ª ¨¢ ¥â .;ì;­;¥;ç;®;;ADV;Ž—…œ;ADV -;œ
2338;;ãá¯®ª ¨¢ ¥â;“‘ŽŠ€ˆ‚€’œ;V ipf praes sg indic tran act 3p;;;¯¥ç¥­ìï , ®ç¥­ì _ãá¯®ª ¨¢ ¥â_ .;â;¥; ;¢;¨; ;V;“‘ŽŠ€ˆ‚€’œ;V ipf praes sg indic - 3p;œ
2339;;,;,;PUNCT;;;;;;;;;;PUNCT;;;
2340;;;;;;;;;;;;;;;;;
2341;# sent = 188;;;;;;;;;;;;;;;;
2342;# speaker = €à¨­ ;;;;;;;;;;;;;;;;
2343;# sent = 189;;;;;;;;;;;;;;;;
2344;;—â®;—’Ž;SPRO n inan nom sg;;;_—â®_ §  ¨¬¥­  ?;®;â;ç;;;;SPRO;—’Ž;S n - nom sg;Ž
2345;;§ ;‡€;PR;;;—â® _§ _ ¨¬¥­  ?; ;§;;;;;PR;‡€;PR;€
2346;;¨¬¥­ ;ˆŒŸ;S n inan nom pl;;;—â® §  _¨¬¥­ _ ?; ;­;¥;¬;¨;;S;ˆŒŸ;S n inan acc pl;Ÿ
2347;;?;?;PUNCT;;;;;;;;;;PUNCT;;;
2348;;;;;;;;;;;;;;;;;
2349;# sent = 190;;;;;;;;;;;;;;;;
2350;# speaker = €à¨­ ;;;;;;;;;;;;;;;;
2351;# sent = 191;;;;;;;;;;;;;;;;
2352;;àï¬;ŸŒŽ;PART;;;_àï¬_ â ª ï ¬ã§ëª  ,;¬;ï;à;¯;;;A;ŸŒŽ‰;A - - sg brev m -;‰
2353;;â ª ï;’€ŠŽ‰;APRO - nom sg plen f -;;;àï¬ _â ª ï_ ¬ã§ëª  , ª ª ¡ã¤â®;ï; ;ª; ;â;;APRO;’€ŠŽ‰;A - nom sg plen f -;‰
2354;;¬ã§ëª ;Œ“‡›Š€;S f inan nom sg;;;àï¬ â ª ï _¬ã§ëª _ , ª ª ¡ã¤â® ,; ;ª;ë;§;ã;¬;S;Œ“‡›Š€;S f inan nom sg;€
2355;;,;,;PUNCT;;;;;;;;;;PUNCT;;;
2356;;ª ª ¡ã¤â®;ª ª ¡ã¤â®;PART;;;â ª ï ¬ã§ëª  , _ª ª ¡ã¤â®_ , ¡«¨­ ,;®;â;¤;ã;¡;;CONJ;ª ª ¡ã¤â®;CONJ;®
2357;;,;,;PUNCT;;;;;;;;;;PUNCT;;;
2358;;¡«¨­;‹ˆ;INTJ;;;, ª ª ¡ã¤â® , _¡«¨­_ , ­¥ §­ î;­;¨;«;¡;;;S;‹ˆ;S m inan nom sg;
2359;;,;,;PUNCT;;;;;;;;;;PUNCT;;;
2360;;­¥;…;PART;;;, ¡«¨­ , _­¥_ §­ î ..;¥;­;;;;;PART;…;PART;…
2361;;§­ î;‡€’œ;V ipf praes sg indic tran act 1p;;;¡«¨­ , ­¥ _§­ î_ ..;î; ;­;§;;;V;‡€’œ;V ipf praes sg indic - 1p;œ
2362;;..;..;PUNCT;;;;;;;;;;PUNCT;;;
2363;;;;;;;;;;;;;;;;;
2364;# sent = 192;;;;;;;;;;;;;;;;
2365;;,;,;PUNCT;;;;;;;;;;PUNCT;;;
2366;;ã¦ áâ¨ª;“†€‘’ˆŠ;S m inan nom sg;;;. _ã¦ áâ¨ª_ .;ª;¨;â;á; ;¦;S;“†€‘’ˆŠ;S m inan nom sg;Š
2367;;,;,;PUNCT;;;;;;;;;;PUNCT;;;
2368;;;;;;;;;;;;;;;;;
2369;# sent = 193;;;;;;;;;;;;;;;;
2370;# speaker = €à¨­ ;;;;;;;;;;;;;;;;
2371;# sent = 194;;;;;;;;;;;;;;;;
2372;;â®;’Ž;SPRO n - nom sg;;;_â®_ çâ® —¨â®á ?;®;â;í;;;;SPRO;’Ž;S n - nom sg;Ž
2373;;çâ®;—’Ž;SPRO n inan nom sg;;;â® _çâ®_ —¨â®á ?;®;â;ç;;;;CONJ;—’Ž;CONJ;Ž
2374;;—¨â®á;—ˆ’Ž‘;S m inan nom sg;;;â® çâ® _—¨â®á_ ?;á;®;â;¨;ç;;S;—ˆ’Ž‘;S m anim nom sg;‘
2375;;?;?;PUNCT;;;;;;;;;;PUNCT;;;
2376;;;;;;;;;;;;;;;;;
2377;# sent = 195;;;;;;;;;;;;;;;;
2378;"<span class=""note"">";;;;;;;;;;;;;;;;
2379;<note>;á¬¥¥âáï;;;;;;;;;;;;;;;
2380;</span>;;;;;;;;;;;;;;;;
2381;;;;;;;;;;;;;;;;;
2382;# sent = 196;;;;;;;;;;;;;;;;
2383;# speaker = €à¨­ ;;;;;;;;;;;;;;;;
2384;# sent = 197;;;;;;;;;;;;;;;;
2385;;‚¨¤¨èì;‚ˆ„…’œ;V ipf praes sg indic tran act 2p;;;_‚¨¤¨èì_ , £®¢®àïâ ,;ì;è;¨;¤;¨;¢;V;‚ˆ„…’œ;V ipf praes sg indic - 2p;œ
2386;;,;,;PUNCT;;;;;;;;;;PUNCT;;;
2387;;£®¢®àïâ;ƒŽ‚Žˆ’œ;V ipf praes pl indic tran act 3p;;;‚¨¤¨èì , _£®¢®àïâ_ , ¬¬ ..;â;ï;à;®;¢;®;V;ƒŽ‚Žˆ’œ;V ipf praes pl indic - 3p;œ
2388;;,;,;PUNCT;;;;;;;;;;PUNCT;;;
2389;;¬¬;ŒŒ;INTJ;;;, £®¢®àïâ , _¬¬_ .. ¯á¨;¬;¬;;;;;INTJ;ŒŒ;INTJ;Œ
2390;;..;..;PUNCT;;;;;;;;;;PUNCT;;;
2391;"<distinct form=""";;;;;;;;;;;;;;;;
2392;<dist>;¯á¨;;;;;;;;;;;;;;;
2393;""">";;;;;;;;;;;;;;;;
2394;;¯á¨å;‘ˆ•;S m anim nom sg;;;¯á¨ _¯á¨å_ .. ’à ¬¯;å;¨;á;¯;;;S;‘ˆ•;S m anim nom sg;•
2395;</distinct>;;;;;;;;;;;;;;;;
2396;;..;..;PUNCT;;;;;;;;;;PUNCT;;;
2397;;’à ¬¯;’€Œ;S m anim nom sg;;;¯á¨å .. _’à ¬¯_ çâ;¯;¬; ;à;â;;S;’€Œ;S m inan acc sg;
2398;"<distinct form=""";;;;;;;;;;;;;;;;
2399;<dist>;çâ;;;;;;;;;;;;;;;
2400;""">";;;;;;;;;;;;;;;;
2401;;çâ®;—’Ž;CONJ;;;çâ _çâ®_ ¯á¨å ¨;®;â;ç;;;;CONJ;—’Ž;CONJ;Ž
2402;</distinct>;;;;;;;;;;;;;;;;
2403;;¯á¨å;‘ˆ•;S m anim nom sg;;;çâ® _¯á¨å_ ¨ çâ® ®­;å;¨;á;¯;;;S;‘ˆ•;S m anim nom sg;•
2404;;¨;ˆ;CONJ;;;çâ® ¯á¨å _¨_ çâ® ®­ ¯®£ã¡¨â;¨;;;;;;CONJ;ˆ;CONJ;ˆ
2405;;çâ®;—’Ž;CONJ;;;¯á¨å ¨ _çâ®_ ®­ ¯®£ã¡¨â €¬¥à¨ªã;®;â;ç;;;;CONJ;—’Ž;CONJ;Ž
2406;;®­;Ž;SPRO sg 3p m nom;;;¯á¨å ¨ çâ® _®­_ ¯®£ã¡¨â €¬¥à¨ªã .;­;®;;;;;SPRO;Ž;SPRO sg 3p m nom;
2407;;¯®£ã¡¨â;Žƒ“ˆ’œ;V pf fut sg indic tran act 3p;;;¨ çâ® ®­ _¯®£ã¡¨â_ €¬¥à¨ªã .;â;¨;¡;ã;£;®;V;Žƒ“ˆ’œ;V pf fut sg indic - 3p;œ
2408;;€¬¥à¨ªã;€Œ…ˆŠ€;S f inan acc sg;;;çâ® ®­ ¯®£ã¡¨â _€¬¥à¨ªã_ .;ã;ª;¨;à;¥;¬;S;€Œ…ˆŠ€;S f inan acc sg;€
2409;;,;,;PUNCT;;;;;;;;;;PUNCT;;;
2410;;;;;;;;;;;;;;;;;
2411;# sent = 198;;;;;;;;;;;;;;;;
2412;"<distinct form=""";;;;;;;;;;;;;;;;
2413;<dist>;€ ;;;;;;;;;;;;;;;
2414;""">";;;;;;;;;;;;;;;;
2415;;€;€;INTJ;;;€  _€_ , â¨¯®; ;;;;;;INTJ;€;INTJ;€
2416;</distinct>;;;;;;;;;;;;;;;;
2417;;,;,;PUNCT;;;;;;;;;;PUNCT;;;
2418;;â¨¯®;’ˆŽ;PART;;;€ , _â¨¯®_ ,     ;®;¯;¨;â;;;PART;’ˆŽ;PART;Ž
2419;;,;,;PUNCT;;;;;;;;;;PUNCT;;;
2420;"<distinct form=""";;;;;;;;;;;;;;;;
2421;<dist>;    ;;;;;;;;;;;;;;;
2422;""">";;;;;;;;;;;;;;;;
2423;;€;€;INTJ;;;     _€_ , ®­¨; ;;;;;;NONLEX;€;NONLEX;€
2424;</distinct>;;;;;;;;;;;;;;;;
2425;;,;,;PUNCT;;;;;;;;;;PUNCT;;;
2426;;®­¨;Žˆ;SPRO pl - - nom;;;€ , _®­¨_ «¥á¡¨ï­ª¨ , ¯®íâ®¬ã;¨;­;®;;;;SPRO;Žˆ;SPRO pl - - nom;ˆ
2427;;«¥á¡¨ï­ª¨;‹…‘ˆŸŠ€;S f anim nom pl;;;, ®­¨ _«¥á¡¨ï­ª¨_ , ¯®íâ®¬ã ®­¨;¨;ª;­;ï;¨;¡;S;‹…‘ˆŸŠ€;S f anim nom pl;€
2428;;,;,;PUNCT;;;;;;;;;;PUNCT;;;
2429;;¯®íâ®¬ã;Ž’ŽŒ“;CONJ;;;®­¨ «¥á¡¨ï­ª¨ , _¯®íâ®¬ã_ ®­¨ â ª ¢®«­ãîâáï;ã;¬;®;â;í;®;ADV;Ž’ŽŒ“;ADV -;“
2430;;®­¨;Žˆ;SPRO pl - - nom;;;«¥á¡¨ï­ª¨ , ¯®íâ®¬ã _®­¨_ â ª ¢®«­ãîâáï .;¨;­;®;;;;SPRO;Žˆ;SPRO pl - - nom;ˆ
2431;;â ª;’€Š;ADVPRO;;;, ¯®íâ®¬ã ®­¨ _â ª_ ¢®«­ãîâáï .;ª; ;â;;;;ADV;’€Š;ADV -;Š
2432;;¢®«­ãîâáï;‚Ž‹Ž‚€’œ‘Ÿ;V ipf praes pl indic med intr 3p;;;¯®íâ®¬ã ®­¨ â ª _¢®«­ãîâáï_ .;ï;á;â;î;ã;­;V;‚Ž‹Ž‚€’œ‘Ÿ;V ipf praes pl indic - 3p;Ÿ
2433;;,;,;PUNCT;;;;;;;;;;PUNCT;;;
2434;;;;;;;;;;;;;;;;;
2435;# sent = 199;;;;;;;;;;;;;;;;
2436;;—â®;—’Ž;CONJ;;;. _—â®_ â¨¯® ’à ¬¯ § ¯à¥â¨â;®;â;ç;;;;CONJ;—’Ž;S n - nom sg;Ž
2437;;â¨¯®;’ˆŽ;PART;;;—â® _â¨¯®_ ’à ¬¯ § ¯à¥â¨â ¡à ª¨;®;¯;¨;â;;;PART;’ˆŽ;PART;Ž
2438;;’à ¬¯;’€Œ;S m anim nom sg;;;—â® â¨¯® _’à ¬¯_ § ¯à¥â¨â ¡à ª¨ ¨;¯;¬; ;à;â;;S;’€Œ;S f inan nom sg;
2439;;§ ¯à¥â¨â;‡€…’ˆ’œ;V pf fut sg indic act tran 3p;;;—â® â¨¯® ’à ¬¯ _§ ¯à¥â¨â_ ¡à ª¨ ¨ â.¤.;â;¨;â;¥;à;¯;V;‡€…’ˆ’œ;V pf fut sg indic - 3p;œ
2440;;¡à ª¨;€Š;S m inan acc pl;;;â¨¯® ’à ¬¯ § ¯à¥â¨â _¡à ª¨_ ¨ â.¤. ¨;¨;ª; ;à;¡;;S;€Š;S m inan acc pl;Š
2441;;¨;ˆ;CONJ;;;’à ¬¯ § ¯à¥â¨â ¡à ª¨ _¨_ â.¤. ¨ â.¯;¨;;;;;;CONJ;ˆ;CONJ;ˆ
2442;;â.¤.;’.„.;NONLEX;;;§ ¯à¥â¨â ¡à ª¨ ¨ _â.¤._ ¨ â.¯ .;,;¤;,;â;;;NONLEX;’.„.;S - - nonflex -;,
2443;;¨;ˆ;CONJ;;;¡à ª¨ ¨ â.¤. _¨_ â.¯ .;¨;;;;;;CONJ;ˆ;CONJ;ˆ
2444;;â.¯;’.;NONLEX;;;¨ â.¤. ¨ _â.¯_ .;¯;,;â;;;;NONLEX;’.;S - - nonflex -;
2445;;,;,;PUNCT;;;;;;;;;;PUNCT;;;
2446;;;;;;;;;;;;;;;;;
2447;# sent = 200;;;;;;;;;;;;;;;;
2448;# speaker = €à¨­ ;;;;;;;;;;;;;;;;
2449;# sent = 201;;;;;;;;;;;;;;;;
2450;"<distinct form=""";;;;;;;;;;;;;;;;
2451;<dist>;€ ;;;;;;;;;;;;;;;
2452;""">";;;;;;;;;;;;;;;;
2453;;€;€;INTJ;;;€  _€_ , íâ®; ;;;;;;CONJ;€;S - - nonflex -;€
2454;</distinct>;;;;;;;;;;;;;;;;
2455;;,;,;PUNCT;;;;;;;;;;PUNCT;;;
2456;;íâ®;’Ž;SPRO n - nom sg;;;€ , _íâ®_ ¨å áë­ .;®;â;í;;;;SPRO;’Ž;S n - nom sg;Ž
2457;;¨å;ˆ•;APRO;;;, íâ® _¨å_ áë­ .;å;¨;;;;;APRO;ˆ•;A - nonflex - plen - -;•
2458;;áë­;‘›;S m anim nom sg;;;, íâ® ¨å _áë­_ .;­;ë;á;;;;S;‘›;S m anim nom sg;
2459;;,;,;PUNCT;;;;;;;;;;PUNCT;;;
2460;;;;;;;;;;;;;;;;;
2461;# sent = 202;;;;;;;;;;;;;;;;
2462;;Ž­;Ž;SPRO sg 3p m nom;;;. _Ž­_ ¡®¨âáï , çâ®;­;®;;;;;SPRO;Ž;SPRO sg 3p m nom;
2463;;¡®¨âáï;ŽŸ’œ‘Ÿ;V ipf praes sg indic intr med 3p;;;Ž­ _¡®¨âáï_ , çâ® ®­¨;ï;á;â;¨;®;¡;V;ŽŸ’œ‘Ÿ;V ipf praes sg indic - 3p;Ÿ
2464;;,;,;PUNCT;;;;;;;;;;PUNCT;;;
2465;;çâ®;—’Ž;CONJ;;;Ž­ ¡®¨âáï , _çâ®_ ®­¨ ¯¥à¥áâ ­ãâ ¡ëâì;®;â;ç;;;;CONJ;—’Ž;CONJ;Ž
2466;;®­¨;Žˆ;SPRO pl - - nom;;;¡®¨âáï , çâ® _®­¨_ ¯¥à¥áâ ­ãâ ¡ëâì ¦¥­ âë¬¨;¨;­;®;;;;SPRO;Žˆ;SPRO pl - - nom;ˆ
2467;;¯¥à¥áâ ­ãâ;……‘’€’œ;V pf fut pl indic intr 3p act;;;, çâ® ®­¨ _¯¥à¥áâ ­ãâ_ ¡ëâì ¦¥­ âë¬¨ .;â;ã;­; ;â;á;V;……‘’€’œ;V pf fut pl indic - 3p;œ
2468;;¡ëâì;›’œ;V ipf intr inf act;;;çâ® ®­¨ ¯¥à¥áâ ­ãâ _¡ëâì_ ¦¥­ âë¬¨ .;ì;â;ë;¡;;;V;›’œ;V ipf - - inf - -;œ
2469;;¦¥­ âë¬¨;†…€’›‰;A - ins pl plen - -;;;®­¨ ¯¥à¥áâ ­ãâ ¡ëâì _¦¥­ âë¬¨_ .;¨;¬;ë;â; ;­;A;†…€’›‰;A - ins pl plen - -;‰
2470;;,;,;PUNCT;;;;;;;;;;PUNCT;;;
2471;;;;;;;;;;;;;;;;;
2472;# sent = 203;;;;;;;;;;;;;;;;
2473;;„ ;„€;PART;;;. _„ _ , §¢ãç¨â ,; ;¤;;;;;PART;„€;PART;€
2474;;,;,;PUNCT;;;;;;;;;;PUNCT;;;
2475;;§¢ãç¨â;‡‚“—€’œ;V ipf praes sg indic intr act 3p;;;„  , _§¢ãç¨â_ , ª ­¥è;â;¨;ç;ã;¢;§;V;‡‚“—€’œ;V ipf praes sg indic - 3p;œ
2476;;,;,;PUNCT;;;;;;;;;;PUNCT;;;
2477;"<distinct form=""";;;;;;;;;;;;;;;;
2478;<dist>;ª ­¥è;;;;;;;;;;;;;;;
2479;""">";;;;;;;;;;;;;;;;
2480;;ª®­¥ç­®;ŠŽ…—Ž;PARENTH;;;ª ­¥è _ª®­¥ç­®_ , ¡à¥¤®¢®;®;­;ç;¥;­;®;ADV;ŠŽ…—Ž;ADV -;Ž
2481;</distinct>;;;;;;;;;;;;;;;;
2482;;,;,;PUNCT;;;;;;;;;;PUNCT;;;
2483;;¡à¥¤®¢®;…„Ž‚›‰;A - - sg brev n -;;;ª®­¥ç­® , _¡à¥¤®¢®_ .;®;¢;®;¤;¥;à;A;…„Ž‚›‰;A - - sg brev n -;‰
2484;;,;,;PUNCT;;;;;;;;;;PUNCT;;;
2485;;;;;;;;;;;;;;;;;
2486;# sent = 204;;;;;;;;;;;;;;;;
2487;;„ ;„€;PART;;;. _„ _ ®­ ¦¨¢¥â ¢; ;¤;;;;;CONJ;„€;CONJ;€
2488;;®­;Ž;SPRO sg 3p m nom;;;„  _®­_ ¦¨¢¥â ¢ å®à®è¥©;­;®;;;;;SPRO;Ž;SPRO sg 3p m nom;
2489;;¦¨¢¥â;†ˆ’œ;V ipf praes sg indic intr act 3p;;;„  ®­ _¦¨¢¥â_ ¢ å®à®è¥© á¥¬ì¥;â;¥;¢;¨;¦;;V;†ˆ’œ;V ipf praes sg indic - 3p;œ
2490;;¢;‚;PR;;;„  ®­ ¦¨¢¥â _¢_ å®à®è¥© á¥¬ì¥ .;¢;;;;;;PR;‚;PR;‚
2491;;å®à®è¥©;•ŽŽ˜ˆ‰;A - loc sg plen f -;;;®­ ¦¨¢¥â ¢ _å®à®è¥©_ á¥¬ì¥ .;©;¥;è;®;à;®;A;•ŽŽ˜ˆ‰;A - loc sg plen f -;‰
2492;;á¥¬ì¥;‘…ŒœŸ;S f inan loc sg;;;¦¨¢¥â ¢ å®à®è¥© _á¥¬ì¥_ .;¥;ì;¬;¥;á;;S;‘…ŒœŸ;S f inan loc sg;Ÿ
2493;;,;,;PUNCT;;;;;;;;;;PUNCT;;;
2494;;;;;;;;;;;;;;;;;
2495;# sent = 205;;;;;;;;;;;;;;;;
2496;# speaker = €à¨­ ;;;;;;;;;;;;;;;;
2497;# sent = 206;;;;;;;;;;;;;;;;
2498;;„ ;„€;PART;;;_„ _ , íâ® —¨â®á; ;¤;;;;;PART;„€;PART;€
2499;;,;,;PUNCT;;;;;;;;;;PUNCT;;;
2500;;íâ®;’Ž;SPRO n - nom sg;;;„  , _íâ®_ —¨â®á .;®;â;í;;;;SPRO;’Ž;S n - nom sg;Ž
2501;;—¨â®á;—ˆ’Ž‘;S m inan nom sg;;;„  , íâ® _—¨â®á_ .;á;®;â;¨;ç;;S;—ˆ’Ž‘;S m anim nom sg;‘
2502;;,;,;PUNCT;;;;;;;;;;PUNCT;;;
2503;;;;;;;;;;;;;;;;;
2504;# sent = 207;;;;;;;;;;;;;;;;
2505;;—â®;—’Ž;SPRO n inan acc sg;;;. _—â®_ , ®­ ¡ã¤¥â;®;â;ç;;;;CONJ;—’Ž;CONJ;Ž
2506;;,;,;PUNCT;;;;;;;;;;PUNCT;;;
2507;;®­;Ž;SPRO sg 3p m nom;;;—â® , _®­_ ¡ã¤¥â ¤¥« âì á¢¥¦¥¢ë¦ âë©;­;®;;;;;SPRO;Ž;SPRO sg 3p m nom;
2508;;¡ã¤¥â;›’œ;V ipf fut sg indic intr act 3p;;;—â® , ®­ _¡ã¤¥â_ ¤¥« âì á¢¥¦¥¢ë¦ âë© á®ª;â;¥;¤;ã;¡;;V;›’œ;V ipf praes sg indic - 3p;œ
2509;;¤¥« âì;„…‹€’œ;V ipf tran act inf - -;;;, ®­ ¡ã¤¥â _¤¥« âì_ á¢¥¦¥¢ë¦ âë© á®ª ¨§;ì;â; ;«;¥;¤;V;„…‹€’œ;V ipf - - inf - -;œ
2510;;á¢¥¦¥¢ë¦ âë©;‘‚…†…‚›†€’›‰;A - acc sg plen m -;;;®­ ¡ã¤¥â ¤¥« âì _á¢¥¦¥¢ë¦ âë©_ á®ª ¨§ —¨â®á ;©;ë;â; ;¦;ë;A;‘‚…†…‚›†€’›‰;A - nom sg plen m -;‰
2511;;á®ª;‘ŽŠ;S m inan acc sg;;;¡ã¤¥â ¤¥« âì á¢¥¦¥¢ë¦ âë© _á®ª_ ¨§ —¨â®á  ?;ª;®;á;;;;S;‘ŽŠ;S m inan nom sg;Š
2512;;¨§;ˆ‡;PR;;;¤¥« âì á¢¥¦¥¢ë¦ âë© á®ª _¨§_ —¨â®á  ?;§;¨;;;;;PR;ˆ‡;PR;‡
2513;;—¨â®á ;—ˆ’Ž‘;S m inan gen sg;;;á¢¥¦¥¢ë¦ âë© á®ª ¨§ _—¨â®á _ ?; ;á;®;â;¨;ç;S;—ˆ’Ž‘;S m anim acc sg;‘
2514;;?;?;PUNCT;;;;;;;;;;PUNCT;;;
2515;;;;;;;;;;;;;;;;;
2516;# sent = 208;;;;;;;;;;;;;;;;
2517;;‡ ç¥¬;‡€—…Œ;ADVPRO;;;? _‡ ç¥¬_ ¥¬ã íâ® ?;¬;¥;ç; ;§;;ADV;‡€—…Œ;ADV -;Œ
2518;;¥¬ã;Ž;SPRO sg 3p m dat;;;‡ ç¥¬ _¥¬ã_ íâ® ?;ã;¬;¥;;;;SPRO;Ž;SPRO sg 3p m dat;
2519;;íâ®;’Ž;SPRO n - nom sg;;;‡ ç¥¬ ¥¬ã _íâ®_ ?;®;â;í;;;;SPRO;’Ž;S n - acc sg;Ž
2520;;?;?;PUNCT;;;;;;;;;;PUNCT;;;
2521;;;;;;;;;;;;;;;;;
2522;# sent = 209;;;;;;;;;;;;;;;;
2523;;„¨¡¨«;„…ˆ‹;S sg anim  m ;;;? _„¨¡¨«_ .;«;¨;¡;¨;¤;;V;„ˆˆ’œ;V pf praet sg indic m -;œ
2524;;,;,;PUNCT;;;;;;;;;;PUNCT;;;
2525;;;;;;;;;;;;;;;;;
2526;# sent = 210;;;;;;;;;;;;;;;;
2527;# speaker = €à¨­ ;;;;;;;;;;;;;;;;
2528;# sent = 211;;;;;;;;;;;;;;;;
2529;;®§ ;Ž‡€;S f anim nom sg;;;_®§ _ ¢ áâ ª ­¥ .; ;§;®;à;;;S;Ž‡€;S f anim nom sg;€
2530;;¢;‚;PR;;;®§  _¢_ áâ ª ­¥ .;¢;;;;;;PR;‚;PR;‚
2531;;áâ ª ­¥;‘’€Š€;S m inan loc sg;;;®§  ¢ _áâ ª ­¥_ .;¥;­; ;ª; ;â;S;‘’€Š€;S m inan loc sg;
2532;;,;,;PUNCT;;;;;;;;;;PUNCT;;;
2533;;;;;;;;;;;;;;;;;
2534;# sent = 212;;;;;;;;;;;;;;;;
2535;;Š ª;Š€Š;CONJ;;;". _Š ª_ ¨§ "" Šà á ¢¨æë";ª; ;ª;;;;CONJ;Š€Š;CONJ;Š
2536;;¨§;ˆ‡;PR;;;"Š ª _¨§_ "" Šà á ¢¨æë ¨";§;¨;;;;;PR;ˆ‡;PR;‡
2537;;"""";"""";PUNCT;;;;;;;;;;PUNCT;;;
2538;;Šà á ¢¨æë;Š€‘€‚ˆ–€;S f anim gen sg;;;"Š ª ¨§ "" _Šà á ¢¨æë_ ¨ çã¤®¢¨é  """;ë;æ;¨;¢; ;á;S;Š€‘€‚ˆ–€;S f anim gen sg;€
2539;;¨;ˆ;CONJ;;;"¨§ "" Šà á ¢¨æë _¨_ çã¤®¢¨é  "" .";¨;;;;;;CONJ;ˆ;CONJ;ˆ
2540;;çã¤®¢¨é ;—“„Ž‚ˆ™…;S n anim gen sg;;;""" Šà á ¢¨æë ¨ _çã¤®¢¨é _ "" ."; ;é;¨;¢;®;¤;S;—“„Ž‚ˆ™…;S n anim gen sg;…
2541;;"""";"""";PUNCT;;;;;;;;;;PUNCT;;;
2542;;,;,;PUNCT;;;;;;;;;;PUNCT;;;
2543;;;;;;;;;;;;;;;;;
2544;# sent = 213;;;;;;;;;;;;;;;;
2545;"<distinct form=""";;;;;;;;;;;;;;;;
2546;<dist>;”ãã;;;;;;;;;;;;;;;
2547;""">";;;;;;;;;;;;;;;;
2548;;”ã;”“;INTJ;;;”ãã _”ã_;ã;ä;;;;;INTJ;”“;INTJ;“
2549;</distinct>;;;;;;;;;;;;;;;;
2550;;;;;;;;;;;;;;;;;
2551;# sent = 214;;;;;;;;;;;;;;;;
2552;# speaker = €à¨­ ;;;;;;;;;;;;;;;;
2553;# sent = 215;;;;;;;;;;;;;;;;
2554;"<distinct form=""";;;;;;;;;;;;;;;;
2555;<dist>;”ãã;;;;;;;;;;;;;;;
2556;""">";;;;;;;;;;;;;;;;
2557;;”ã;”“;INTJ;;;”ãã _”ã_ ,;ã;ä;;;;;INTJ;”“;INTJ;“
2558;</distinct>;;;;;;;;;;;;;;;;
2559;;,;,;PUNCT;;;;;;;;;;PUNCT;;;
2560;"<distinct form=""";;;;;;;;;;;;;;;;
2561;<dist>;çñ;;;;;;;;;;;;;;;
2562;""">";;;;;;;;;;;;;;;;
2563;;çâ®;—’Ž;SPRO n inan acc sg;;;çñ _çâ®_ ®­ ¤¥« ¥â;®;â;ç;;;;ADV;—’Ž;ADV -;Ž
2564;</distinct>;;;;;;;;;;;;;;;;
2565;;®­;Ž;SPRO sg 3p m nom;;;çâ® _®­_ ¤¥« ¥â ?;­;®;;;;;SPRO;Ž;SPRO sg 3p m nom;
2566;;¤¥« ¥â;„…‹€’œ;V ipf praes sg indic tran act 3p;;;çâ® ®­ _¤¥« ¥â_ ?;â;¥; ;«;¥;¤;V;„…‹€’œ;V ipf praes sg indic - 3p;œ
2567;;?;?;PUNCT;;;;;;;;;;PUNCT;;;
2568;;;;;;;;;;;;;;;;;
2569;# sent = 216;;;;;;;;;;;;;;;;
2570;;‚á¥;‚…‘œ;APRO - nom pl plen ;;;? _‚á¥_ àãª¨ ¢ —¨â®á¥;¥;á;¢;;;;APRO;‚…‘œ;A - nom pl plen - -;œ
2571;;àãª¨;“Š€;S f inan nom pl;;;‚á¥ _àãª¨_ ¢ —¨â®á¥ ,;¨;ª;ã;à;;;S;“Š€;S f inan nom pl;€
2572;;¢;‚;PR;;;‚á¥ àãª¨ _¢_ —¨â®á¥ , ¨;¢;;;;;;PR;‚;PR;‚
2573;;—¨â®á¥;—ˆ’Ž‘;S m inan loc sg;;;‚á¥ àãª¨ ¢ _—¨â®á¥_ , ¨ ®­;¥;á;®;â;¨;ç;S;—ˆ’Ž‘€;S f inan loc sg;‘
2574;;,;,;PUNCT;;;;;;;;;;PUNCT;;;
2575;;¨;ˆ;CONJ;;;¢ —¨â®á¥ , _¨_ ®­ çâ®-â® ...;¨;;;;;;CONJ;ˆ;CONJ;ˆ
2576;;®­;Ž;SPRO sg 3p m nom;;;—¨â®á¥ , ¨ _®­_ çâ®-â® ...;­;®;;;;;SPRO;Ž;SPRO sg 3p m nom;
2577;;çâ®-â®;—’Ž-’Ž;PART;;;, ¨ ®­ _çâ®-â®_ ...;®;â;-;®;â;ç;SPRO;—’Ž-’Ž;S n - acc sg;Ž
2578;;...;...;PUNCT;;;;;;;;;;PUNCT;;;
2579;;;;;;;;;;;;;;;;;
2580;# sent = 217;;;;;;;;;;;;;;;;
2581;;Ž;Ž;INTJ;;;... _Ž_ , âñ«ª  ¨§;®;;;;;;PR;Ž;PR;Ž
2582;;,;,;PUNCT;;;;;;;;;;PUNCT;;;
2583;;âñ«ª ;’…‹Š€;S f anim nom sg;;;"Ž , _âñ«ª _ ¨§ "" €¬¥à¨ª ­áª®©"; ;ª;«;ñ;â;;S;’…‹Š€;S f anim nom sg;€
2584;;¨§;ˆ‡;PR;;;"Ž , âñ«ª  _¨§_ "" €¬¥à¨ª ­áª®© ¨áâ®à¨¨";§;¨;;;;;PR;ˆ‡;PR;‡
2585;;"""";"""";PUNCT;;;;;;;;;;PUNCT;;;
2586;;€¬¥à¨ª ­áª®©;€Œ…ˆŠ€‘Šˆ‰;A - gen sg plen f -;;;"âñ«ª  ¨§ "" _€¬¥à¨ª ­áª®©_ ¨áâ®à¨¨ ã¦ ";©;®;ª;á;­; ;A;€Œ…ˆŠ€‘Šˆ‰;A - gen sg plen f -;‰
2587;;¨áâ®à¨¨;ˆ‘’ŽˆŸ;S f inan gen sg;;;"¨§ "" €¬¥à¨ª ­áª®© _¨áâ®à¨¨_ ã¦ ";¨;¨;à;®;â;á;S;ˆ‘’ŽˆŸ;S f inan gen sg;Ÿ
2588;"<distinct form=""";;;;;;;;;;;;;;;;
2589;<dist>;ã¦ ;;;;;;;;;;;;;;;
2590;""">";;;;;;;;;;;;;;;;
2591;;ã¦ á®¢;“†€‘;S m inan gen pl;;;ã¦  _ã¦ á®¢_ ...;¢;®;á; ;¦;ã;S;“†€‘;S m inan gen pl;‘
2592;</distinct>;;;;;;;;;;;;;;;;
2593;;...;...;PUNCT;;;;;;;;;;PUNCT;;;
2594;;;;;;;;;;;;;;;;;
2595;# sent = 218;;;;;;;;;;;;;;;;
2596;;Ž©;Ž‰;INTJ;;;... _Ž©_ , ª ª;©;®;;;;;INTJ;Ž‰;INTJ;‰
2597;;,;,;PUNCT;;;;;;;;;;PUNCT;;;
2598;;ª ª;Š€Š;ADVPRO;;;Ž© , _ª ª_ íâ;ª; ;ª;;;;ADV;Š€Š;ADV -;Š
2599;"<distinct form=""";;;;;;;;;;;;;;;;
2600;<dist>;íâ;;;;;;;;;;;;;;;
2601;""">";;;;;;;;;;;;;;;;
2602;;íâ®;’Ž;PART;;;íâ _íâ®_ , £¤¥;®;â;í;;;;PART;’Ž;S n - acc sg;Ž
2603;</distinct>;;;;;;;;;;;;;;;;
2604;;,;,;PUNCT;;;;;;;;;;PUNCT;;;
2605;;£¤¥;ƒ„…;ADVPRO;;;"íâ® , _£¤¥_ , "" Š®à®«¥¢ë";¥;¤;£;;;;ADV;ƒ„…;ADV -;…
2606;;,;,;PUNCT;;;;;;;;;;PUNCT;;;
2607;;"""";"""";PUNCT;;;;;;;;;;PUNCT;;;
2608;;Š®à®«¥¢ë;ŠŽŽ‹…‚€;S f anim nom sg;;;"£¤¥ , "" _Š®à®«¥¢ë_ ªà¨ª  "" ,";ë;¢;¥;«;®;à;S;ŠŽŽ‹…‚€;S f anim gen sg;€
2609;;ªà¨ª ;ŠˆŠ;S m inan gen sg;;;", "" Š®à®«¥¢ë _ªà¨ª _ "" , ¢®â"; ;ª;¨;à;ª;;S;ŠˆŠ;S m inan gen sg;Š
2610;;"""";"""";PUNCT;;;;;;;;;;PUNCT;;;
2611;;,;,;PUNCT;;;;;;;;;;PUNCT;;;
2612;;¢®â;‚Ž’;PART;;;"ªà¨ª  "" , _¢®â_ .";â;®;¢;;;;PART;‚Ž’;PART;’
2613;;,;,;PUNCT;;;;;;;;;;PUNCT;;;
2614;;;;;;;;;;;;;;;;;
2615;# sent = 219;;;;;;;;;;;;;;;;
2616;;®¨âáï;ŽŸ’œ‘Ÿ;V ipf praes sg indic med 3p;;;. _®¨âáï_ , çâ® ’à ¬¯;ï;á;â;¨;®;¡;V;ŽŸ’œ‘Ÿ;V ipf praes sg indic - 3p;Ÿ
2617;;,;,;PUNCT;;;;;;;;;;PUNCT;;;
2618;;çâ®;—’Ž;CONJ;;;®¨âáï , _çâ®_ ’à ¬¯ § ¯à¥â¨â  ¡®àâë;®;â;ç;;;;CONJ;—’Ž;CONJ;Ž
2619;;’à ¬¯;’€Œ;S m anim nom sg;;;®¨âáï , çâ® _’à ¬¯_ § ¯à¥â¨â  ¡®àâë .;¯;¬; ;à;â;;S;’€Œ;S m anim nom sg;
2620;;§ ¯à¥â¨â;‡€…’ˆ’œ;V pf fut sg indic - 3p;;;, çâ® ’à ¬¯ _§ ¯à¥â¨â_  ¡®àâë .;â;¨;â;¥;à;¯;V;‡€…’ˆ’œ;V pf fut sg indic - 3p;œ
2621;; ¡®àâë;€Ž’;S m inan acc pl;;;çâ® ’à ¬¯ § ¯à¥â¨â _ ¡®àâë_ .;ë;â;à;®;¡; ;S;€Ž’;S m inan acc pl;’
2622;;,;,;PUNCT;;;;;;;;;;PUNCT;;;
2623;;;;;;;;;;;;;;;;;
2624;# sent = 220;;;;;;;;;;;;;;;;
2625;# speaker = €à¨­ ;;;;;;;;;;;;;;;;
2626;# sent = 221;;;;;;;;;;;;;;;;
2627;"<distinct form=""";;;;;;;;;;;;;;;;
2628;<dist>;ä¨£ ;;;;;;;;;;;;;;;
2629;""">";;;;;;;;;;;;;;;;
2630;;­¨ä¨£ ;ˆ”ˆƒ€;PART;;;ä¨£  _­¨ä¨£ _ , ¥á«¨; ;£;¨;ä;¨;­;S;ˆ”ˆƒ;S m inan gen sg;€
2631;</distinct>;;;;;;;;;;;;;;;;
2632;;,;,;PUNCT;;;;;;;;;;PUNCT;;;
2633;;¥á«¨;…‘‹ˆ;CONJ;;;­¨ä¨£  , _¥á«¨_ ¤«ï  ¬¥à¨ª ­æ¥¢ íâ®;¨;«;á;¥;;;CONJ;…‘‹ˆ;CONJ;ˆ
2634;;¤«ï;„‹Ÿ;PR;;;, ¥á«¨ _¤«ï_  ¬¥à¨ª ­æ¥¢ íâ®;ï;«;¤;;;;PR;„‹Ÿ;PR;Ÿ
2635;; ¬¥à¨ª ­æ¥¢;€Œ…ˆŠ€…–;S m anim gen pl;;;, ¥á«¨ ¤«ï _ ¬¥à¨ª ­æ¥¢_ íâ® ¯àï¬;¢;¥;æ;­; ;ª;S;€Œ…ˆŠ€…–;S m anim gen pl;–
2636;;íâ®;’Ž;SPRO n - acc sg;;;¥á«¨ ¤«ï  ¬¥à¨ª ­æ¥¢ _íâ®_ ¯àï¬;®;â;í;;;;SPRO;’Ž;S n - acc sg;Ž
2637;"<distinct form=""";;;;;;;;;;;;;;;;
2638;<dist>;¯àï¬;;;;;;;;;;;;;;;
2639;""">";;;;;;;;;;;;;;;;
2640;;¯àï¬®;ŸŒŽ;PART;;;¯àï¬ _¯àï¬®_ â ª ï âà £¥¤¨ï;®;¬;ï;à;¯;;ADV;ŸŒŽ;ADV -;Ž
2641;</distinct>;;;;;;;;;;;;;;;;
2642;;â ª ï;’€ŠŽ‰;APRO - nom sg plen f -;;;¯àï¬® _â ª ï_ âà £¥¤¨ï ¡ë«  ,;ï; ;ª; ;â;;APRO;’€ŠŽ‰;A - nom sg plen f -;‰
2643;;âà £¥¤¨ï;’€ƒ…„ˆŸ;S f inan nom sg;;;¯àï¬® â ª ï _âà £¥¤¨ï_ ¡ë«  , è®ª;ï;¨;¤;¥;£; ;S;’€ƒ…„ˆŸ;S f inan nom sg;Ÿ
2644;;¡ë« ;›’œ;V ipf praet sg indic f intr act;;;â ª ï âà £¥¤¨ï _¡ë« _ , è®ª .; ;«;ë;¡;;;V;›’œ;V ipf praet sg indic f -;œ
2645;;,;,;PUNCT;;;;;;;;;;PUNCT;;;
2646;;è®ª;˜ŽŠ;S m inan nom sg;;;âà £¥¤¨ï ¡ë«  , _è®ª_ .;ª;®;è;;;;S;˜ŽŠ;S m inan nom sg;Š
2647;;,;,;PUNCT;;;;;;;;;;PUNCT;;;
2648;;;;;;;;;;;;;;;;;
2649;# sent = 222;;;;;;;;;;;;;;;;
2650;;ƒ®á¯®¤¨;ƒŽ‘Ž„ˆ;INTJ;;;. _ƒ®á¯®¤¨_ , á¥©ç á ¥ñ;¨;¤;®;¯;á;®;INTJ;ƒŽ‘Ž„ˆ;INTJ;ˆ
2651;;,;,;PUNCT;;;;;;;;;;PUNCT;;;
2652;;á¥©ç á;‘…‰—€‘;ADV -;;;ƒ®á¯®¤¨ , _á¥©ç á_ ¥ñ ã¡ìîâ ,;á; ;ç;©;¥;á;ADV;‘…‰—€‘;ADV -;‘
2653;;¥ñ;Ž€;SPRO sg 3p f acc;;;ƒ®á¯®¤¨ , á¥©ç á _¥ñ_ ã¡ìîâ , çâ®;ñ;¥;;;;;SPRO;Ž€;SPRO sg 3p f acc;€
2654;;ã¡ìîâ;“ˆ’œ;V pf fut pl indic tran act 3p;;;, á¥©ç á ¥ñ _ã¡ìîâ_ , çâ®;â;î;ì;¡;ã;;V;“ˆ’œ;V pf fut pl indic - 3p;œ
2655;;,;,;PUNCT;;;;;;;;;;PUNCT;;;
2656;;çâ®;—’Ž;CONJ;;;¥ñ ã¡ìîâ , _çâ®_ é á;®;â;ç;;;;CONJ;—’Ž;CONJ;Ž
2657;"<distinct form=""";;;;;;;;;;;;;;;;
2658;<dist>;é á;;;;;;;;;;;;;;;
2659;""">";;;;;;;;;;;;;;;;
2660;;á¥©ç á;‘…‰—€‘;ADV -;;;é á _á¥©ç á_ á ­¥©;á; ;ç;©;¥;á;ADV;‘…‰—€‘;ADV -;‘
2661;</distinct>;;;;;;;;;;;;;;;;
2662;;á;‘;PR;;;á¥©ç á _á_ ­¥© ¡ã¤¥â ?;á;;;;;;PR;‘;PR;‘
2663;;­¥©;Ž€;SPRO sg 3p f loc;;;á¥©ç á á _­¥©_ ¡ã¤¥â ?;©;¥;­;;;;SPRO;Ž€;SPRO sg 3p f loc;€
2664;;¡ã¤¥â;›’œ;V ipf fut sg indic intr act 3p;;;á ­¥© _¡ã¤¥â_ ?;â;¥;¤;ã;¡;;V;›’œ;V ipf praes sg indic - 3p;œ
2665;;?;?;PUNCT;;;;;;;;;;PUNCT;;;
2666;;;;;;;;;;;;;;;;;
2667;# sent = 223;;;;;;;;;;;;;;;;
2668;"<distinct form=""";;;;;;;;;;;;;;;;
2669;<dist>;    ;;;;;;;;;;;;;;;
2670;""">";;;;;;;;;;;;;;;;
2671;;€;€;INTJ;;;     _€_ á¬¥¥âáï; ;;;;;;CONJ;€;S - - nonflex -;€
2672;</distinct>;;;;;;;;;;;;;;;;
2673;"<span class=""note"">";;;;;;;;;;;;;;;;
2674;<note>;á¬¥¥âáï;;;;;;;;;;;;;;;
2675;</span>;;;;;;;;;;;;;;;;
2676;;ƒ®á¯®¤¨;ƒŽ‘Ž„ˆ;INTJ;;;á¬¥¥âáï _ƒ®á¯®¤¨_ , ®­ ,;¨;¤;®;¯;á;®;INTJ;ƒŽ‘Ž„ˆ;S m anim voc sg;ˆ
2677;;,;,;PUNCT;;;;;;;;;;PUNCT;;;
2678;;®­;Ž;SPRO sg 3p m nom;;;ƒ®á¯®¤¨ , _®­_ , ª®à®ç¥ ,;­;®;;;;;SPRO;Ž;SPRO sg 3p m nom;
2679;;,;,;PUNCT;;;;;;;;;;PUNCT;;;
2680;;ª®à®ç¥;ŠŽŽ—…;PARENTH;;;, ®­ , _ª®à®ç¥_ , —¨â®á®¬ «¨æ®;¥;ç;®;à;®;ª;ADV;ŠŽŽ—…;ADV comp;…
2681;;,;,;PUNCT;;;;;;;;;;PUNCT;;;
2682;;—¨â®á®¬;—ˆ’Ž‘;S m inan ins sg;;;, ª®à®ç¥ , _—¨â®á®¬_ «¨æ® ®¡¬ § « .;¬;®;á;®;â;¨;S;—ˆ’Ž‘;S m anim ins sg;‘
2683;;«¨æ®;‹ˆ–Ž;S n inan acc sg;;;ª®à®ç¥ , —¨â®á®¬ _«¨æ®_ ®¡¬ § « .;®;æ;¨;«;;;S;‹ˆ–Ž;S n inan nom sg;Ž
2684;;®¡¬ § «;ŽŒ€‡€’œ;V pf praet sg indic m tran act;;;, —¨â®á®¬ «¨æ® _®¡¬ § «_ .;«; ;§; ;¬;¡;V;ŽŒ€‡€’œ;V pf praet sg indic m -;œ
2685;;,;,;PUNCT;;;;;;;;;;PUNCT;;;
2686;;;;;;;;;;;;;;;;;
2687;# sent = 224;;;;;;;;;;;;;;;;
2688;;‚áñ;‚‘…;APRO n inan acc sg;;;. _‚áñ_ .;ñ;á;¢;;;;S;‚‘…;S n - nom sg;…
2689;;,;,;PUNCT;;;;;;;;;;PUNCT;;;
2690;;;;;;;;;;;;;;;;;
2691;# sent = 225;;;;;;;;;;;;;;;;
2692;;Ž­;Ž;SPRO sg 3p m acc;;;. _Ž­_ ¯¥à¥¬¥è « ¥£® ¨;­;®;;;;;SPRO;Ž;SPRO sg 3p m nom;
2693;;¯¥à¥¬¥è «;……Œ…˜€’œ;V pf praet sg indic m act tran;;;Ž­ _¯¥à¥¬¥è «_ ¥£® ¨ ¢®â;«; ;è;¥;¬;¥;V;……Œ…˜€’œ;V pf praet sg indic m -;œ
2694;;¥£®;Ž;SPRO sg 3p m acc;;;Ž­ ¯¥à¥¬¥è « _¥£®_ ¨ ¢®â â ª;®;£;¥;;;;SPRO;Ž;SPRO sg 3p m acc;
2695;;¨;ˆ;CONJ;;;Ž­ ¯¥à¥¬¥è « ¥£® _¨_ ¢®â â ª ¢®â;¨;;;;;;CONJ;ˆ;CONJ;ˆ
2696;;¢®â;‚Ž’;PART;;;¯¥à¥¬¥è « ¥£® ¨ _¢®â_ â ª ¢®â;â;®;¢;;;;PART;‚Ž’;PART;’
2697;;â ª;’€Š;ADVPRO;;;¥£® ¨ ¢®â _â ª_ ¢®â ®¡¬ § «áï;ª; ;â;;;;ADV;’€Š;ADV -;Š
2698;;¢®â;‚Ž’;PART;;;¨ ¢®â â ª _¢®â_ ®¡¬ § «áï .;â;®;¢;;;;PART;‚Ž’;PART;’
2699;<noindex>[­à§¡]</noindex>;;;;;;;;;;;;;;;;
2700;;®¡¬ § «áï;ŽŒ€‡€’œ‘Ÿ;V pf praet sg indic m tran med;;;â ª ¢®â _®¡¬ § «áï_ .;ï;á;«; ;§; ;V;ŽŒ€‡€’œ‘Ÿ;V pf praet sg indic m -;Ÿ
2701;;,;,;PUNCT;;;;;;;;;;PUNCT;;;
2702;;;;;;;;;;;;;;;;;
2703;# sent = 226;;;;;;;;;;;;;;;;
2704;;ˆ;ˆ;CONJ;;;. _ˆ_ ã ­¥£® â ª¨¥;¨;;;;;;CONJ;ˆ;CONJ;ˆ
2705;;ã;“;PR;;;ˆ _ã_ ­¥£® â ª¨¥ ¥é¥;ã;;;;;;PR;“;PR;“
2706;;­¥£®;Ž;SPRO sg 3p m gen;;;ˆ ã _­¥£®_ â ª¨¥ ¥é¥ á¨­¨¥;®;£;¥;­;;;SPRO;Ž;SPRO sg 3p m acc;
2707;;â ª¨¥;’€ŠŽ‰;APRO - nom pl plen - -;;;ˆ ã ­¥£® _â ª¨¥_ ¥é¥ á¨­¨¥ ¢®«®áë;¥;¨;ª; ;â;;APRO;’€ŠŽ‰;A - nom pl plen - -;‰
2708;;¥é¥;…™…;ADV -;;;ã ­¥£® â ª¨¥ _¥é¥_ á¨­¨¥ ¢®«®áë .;¥;é;¥;;;;ADV;…™…;ADV -;…
2709;;á¨­¨¥;‘ˆˆ‰;A - nom pl plen - -;;;­¥£® â ª¨¥ ¥é¥ _á¨­¨¥_ ¢®«®áë .;¥;¨;­;¨;á;;A;‘ˆˆ‰;A - nom pl plen - -;‰
2710;;¢®«®áë;‚Ž‹Ž‘;S m inan nom pl;;;â ª¨¥ ¥é¥ á¨­¨¥ _¢®«®áë_ .;ë;á;®;«;®;¢;S;‚Ž‹Ž‘;S m inan nom pl;‘
2711;;,;,;PUNCT;;;;;;;;;;PUNCT;;;
2712;;;;;;;;;;;;;;;;;
2713;# sent = 227;;;;;;;;;;;;;;;;
2714;"<distinct form=""";;;;;;;;;;;;;;;;
2715;<dist>;£¥â;;;;;;;;;;;;;;;
2716;<dist>; ãâ;;;;;;;;;;;;;;;
2717;""">";;;;;;;;;;;;;;;;
2718;;Get;GET;NONLEX;;;£¥â  ãâ _Get_ out .;t;e;g;;;;NONLEX;GET;NONLEX;T
2719;;out;OUT;NONLEX;;; ãâ Get _out_ .;t;u;o;;;;NONLEX;OUT;NONLEX;T
2720;</distinct>;;;;;;;;;;;;;;;;
2721;;,;,;PUNCT;;;;;;;;;;PUNCT;;;
2722;;;;;;;;;;;;;;;;;
2723;# sent = 228;;;;;;;;;;;;;;;;
2724;"<span class=""note"">";;;;;;;;;;;;;;;;
2725;<note>;á¬¥¥âáï;;;;;;;;;;;;;;;
2726;</span>;;;;;;;;;;;;;;;;
2727;;“à®¢¥­ì;“Ž‚…œ;S m inan nom sg;;;á¬¥¥âáï _“à®¢¥­ì_ §­ ­¨© ¬®¥£®  ­£«¨©áª®£®;ì;­;¥;¢;®;à;S;“Ž‚…œ;S m inan nom sg;œ
2728;;§­ ­¨©;‡€ˆ…;S n inan gen pl;;;á¬¥¥âáï “à®¢¥­ì _§­ ­¨©_ ¬®¥£®  ­£«¨©áª®£® .;©;¨;­; ;­;§;S;‡€ˆ…;S n inan gen pl;…
2729;;¬®¥£®;ŒŽ‰;APRO - gen sg plen m -;;;“à®¢¥­ì §­ ­¨© _¬®¥£®_  ­£«¨©áª®£® .;®;£;¥;®;¬;;APRO;ŒŽ‰;A - gen sg plen m -;‰
2730;; ­£«¨©áª®£®;€ƒ‹ˆ‰‘Šˆ‰;A - gen sg plen m -;;;“à®¢¥­ì §­ ­¨© ¬®¥£® _ ­£«¨©áª®£®_ .;®;£;®;ª;á;©;A;€ƒ‹ˆ‰‘Šˆ‰;A - gen sg plen m -;‰
2731;;,;,;PUNCT;;;;;;;;;;PUNCT;;;
2732;;;;;;;;;;;;;;;;;
2733;# sent = 229;;;;;;;;;;;;;;;;
2734;# #;;;;;;;;;;;;;;;;
2734;# #;;;;;;;;;;;;;;;;
